model,wielkosc,zapach,wosk,dostepnosc,cena,kod,iloscsprzedanych,dataostatniejsprzedazy
Takfönster,M,Sosna,Sojowy,false,25.00 zł,533310988653,905,2022-09-21
Veke,M,Trawa cytrynowa,Rzepakowy,true,40.00 zł,577706656357,859,2023-08-09
Takfönster,L,Hiacynt,Parafinowy,true,35.00 zł,360609887387,140,2023-05-05
Ljus,M,Hiacynt,Sojowy,false,20.00 zł,357479887903,622,2023-02-03
Stjärna,S,Świerk,Rzepakowy,false,40.00 zł,757843870919,906,2023-09-14
Glans,S,Trawa cytrynowa,Rzepakowy,true,25.00 zł,260258009745,840,2022-11-13
Gryning,L,Lawenda,Sojowy,true,30.00 zł,973208546634,9,2022-12-28
Gryning,S,Grejpfrut,Sojowy,false,10.00 zł,120984249482,914,2023-10-29
Glans,S,Świerk,Pszczeli,true,25.00 zł,658210495895,689,2023-07-03
Gryning,M,Świerk,Parafinowy,true,20.00 zł,650586446701,610,2023-06-05
Glans,M,Jabłko-cynamon,Rzepakowy,true,35.00 zł,659334787627,420,2023-05-01
Ljus,M,Pomarańcza-goździki,Sojowy,false,20.00 zł,320150044773,377,2023-03-29
Ljus,L,Sosna,Sojowy,false,30.00 zł,716986779430,942,2022-10-16
Gryning,L,Hiacynt,Sojowy,true,30.00 zł,223062025087,152,2023-09-25
Stjärna,S,Kokos,Sojowy,true,40.00 zł,589427679342,463,2023-08-27
Lägereld,M,Świerk,Rzepakowy,true,40.00 zł,630214285611,224,2023-01-17
Stjärna,M,Grejpfrut,Sojowy,true,50.00 zł,888842083602,575,2023-08-04
Takfönster,M,Jabłko-cynamon,Parafinowy,true,25.00 zł,728733408689,714,2023-03-21
Glans,S,Świerk,Sojowy,false,25.00 zł,950193994201,749,2022-07-30
Lägereld,L,Sosna,Rzepakowy,false,50.00 zł,426691409139,653,2023-08-19
Stjärna,S,Wanilia,Pszczeli,true,40.00 zł,283062996449,132,2023-06-19
Lykta,L,Pomarańcza-goździki,Rzepakowy,false,40.00 zł,814425315744,850,2023-03-14
Veke,M,Wanilia,Pszczeli,false,40.00 zł,760066938030,303,2023-04-26
Lykta,S,Mięta,Sojowy,true,20.00 zł,559331616992,324,2023-07-07
Lykta,L,Sosna,Rzepakowy,false,40.00 zł,199370806909,506,2023-08-01
Stjärna,S,Świerk,Sojowy,false,40.00 zł,440720217816,199,2023-07-12
Glans,M,Jabłko-cynamon,Parafinowy,false,35.00 zł,596171409266,707,2023-05-14
Takfönster,S,Hiacynt,Sojowy,false,15.00 zł,438821431928,295,2023-08-18
Veke,S,Grejpfrut,Rzepakowy,true,30.00 zł,912314904984,930,2022-08-29
Veke,M,Świerk,Pszczeli,false,40.00 zł,460735026458,462,2022-12-13
Veke,L,Jaśmin,Parafinowy,false,50.00 zł,306069763698,853,2022-08-10
Ljus,M,Lawenda,Pszczeli,false,20.00 zł,236211600876,245,2023-05-30
Lägereld,S,Grejpfrut,Parafinowy,true,30.00 zł,504069704337,643,2023-01-27
Veke,S,Mięta,Rzepakowy,true,30.00 zł,517297418306,147,2023-02-12
Stjärna,S,Kokos,Pszczeli,false,40.00 zł,598434700809,767,2022-09-24
Ljus,S,Świerk,Parafinowy,false,10.00 zł,632961447858,193,2023-07-22
Stjärna,S,Wanilia,Rzepakowy,true,40.00 zł,272142252526,129,2022-10-02
Glans,L,Hiacynt,Sojowy,false,45.00 zł,188041921082,792,2022-11-29
Lägereld,M,Sosna,Rzepakowy,true,40.00 zł,234103399659,389,2023-01-26
Ljus,L,Wanilia,Parafinowy,true,30.00 zł,826632334721,547,2023-07-08
Lykta,S,Świerk,Parafinowy,true,20.00 zł,502769240708,772,2023-05-18
Ljus,M,Pomarańcza-goździki,Parafinowy,false,20.00 zł,769089963781,667,2022-11-01
Takfönster,L,Pomarańcza-goździki,Pszczeli,true,35.00 zł,995303099597,103,2022-11-25
Glans,M,Jaśmin,Rzepakowy,false,35.00 zł,602503961937,946,2023-08-24
Lägereld,L,Fiołek,Pszczeli,true,50.00 zł,084718125372,461,2022-09-09
Gryning,M,Sosna,Rzepakowy,false,20.00 zł,336321524019,382,2023-02-17
Lägereld,S,Grejpfrut,Sojowy,false,30.00 zł,136048672032,671,2022-12-11
Ljus,M,Trawa cytrynowa,Parafinowy,false,20.00 zł,513711399910,297,2022-08-12
Glans,L,Sosna,Parafinowy,false,45.00 zł,269366849719,241,2023-10-06
Gryning,S,Jabłko-cynamon,Pszczeli,false,10.00 zł,061712683426,307,2023-06-16
Glans,M,Pomarańcza-goździki,Sojowy,false,35.00 zł,510007496582,23,2023-11-21
Ljus,M,Jabłko-cynamon,Sojowy,true,20.00 zł,649862628594,588,2023-03-19
Lägereld,S,Trawa cytrynowa,Sojowy,false,30.00 zł,165643437147,684,2023-06-09
Takfönster,S,Wanilia,Rzepakowy,true,15.00 zł,304724918967,782,2023-01-10
Veke,S,Grejpfrut,Rzepakowy,true,30.00 zł,671351445312,487,2023-07-29
Lägereld,L,Świerk,Sojowy,true,50.00 zł,504506987883,55,2023-09-04
Stjärna,M,Kokos,Parafinowy,true,50.00 zł,678782730122,965,2023-03-26
Veke,L,Sosna,Sojowy,true,50.00 zł,154952062633,253,2023-04-13
Glans,M,Kokos,Parafinowy,false,35.00 zł,996219910462,426,2023-10-17
Stjärna,M,Świerk,Parafinowy,true,50.00 zł,622099341712,877,2023-02-07
Stjärna,M,Hiacynt,Rzepakowy,false,50.00 zł,608043348688,88,2022-09-08
Takfönster,S,Lawenda,Rzepakowy,true,15.00 zł,681579016915,308,2023-03-20
Lägereld,S,Kokos,Parafinowy,true,30.00 zł,854133323139,940,2022-09-16
Lykta,L,Wanilia,Parafinowy,true,40.00 zł,370603532541,299,2023-05-06
Veke,S,Fiołek,Rzepakowy,true,30.00 zł,080144893487,759,2023-02-06
Lykta,L,Świerk,Parafinowy,false,40.00 zł,311391804600,471,2023-12-02
Lägereld,M,Fiołek,Parafinowy,false,40.00 zł,337137521569,871,2022-12-05
Lägereld,M,Sosna,Sojowy,true,40.00 zł,456082410073,91,2023-01-06
Lägereld,L,Jaśmin,Parafinowy,true,50.00 zł,129289779893,849,2023-05-09
Gryning,M,Lawenda,Sojowy,false,20.00 zł,094699219030,839,2023-03-01
Glans,S,Lawenda,Pszczeli,false,25.00 zł,751750968436,413,2023-05-31
Veke,L,Jabłko-cynamon,Parafinowy,false,50.00 zł,029871215814,83,2022-08-16
Stjärna,M,Pomarańcza-goździki,Sojowy,true,50.00 zł,505190443771,635,2023-09-30
Lykta,S,Wanilia,Sojowy,true,20.00 zł,911011898858,963,2022-10-11
Gryning,M,Jabłko-cynamon,Parafinowy,false,20.00 zł,905616966329,794,2022-11-12
Veke,M,Lawenda,Sojowy,true,40.00 zł,279835717975,448,2022-10-04
Lägereld,S,Wanilia,Sojowy,true,30.00 zł,925934474298,722,2022-11-15
Stjärna,M,Jaśmin,Parafinowy,true,50.00 zł,266645089794,707,2022-12-02
Veke,L,Mięta,Parafinowy,false,50.00 zł,076742663276,842,2023-05-16
Stjärna,L,Mięta,Parafinowy,true,60.00 zł,297442004853,986,2023-11-27
Lykta,S,Kokos,Pszczeli,true,20.00 zł,233106189596,283,2023-12-02
Veke,L,Kokos,Rzepakowy,true,50.00 zł,324572031379,209,2023-11-29
Veke,L,Wanilia,Sojowy,true,50.00 zł,884044305599,481,2022-12-22
Lykta,S,Kokos,Parafinowy,true,20.00 zł,304861766395,109,2023-01-21
Takfönster,M,Świerk,Rzepakowy,true,25.00 zł,992374258073,54,2023-08-19
Glans,M,Jabłko-cynamon,Sojowy,false,35.00 zł,682372912191,871,2022-10-31
Lykta,S,Hiacynt,Pszczeli,true,20.00 zł,927895246724,990,2023-04-08
Gryning,M,Pomarańcza-goździki,Rzepakowy,true,20.00 zł,317868411953,796,2023-09-02
Glans,M,Grejpfrut,Pszczeli,true,35.00 zł,040428264199,590,2023-08-29
Veke,S,Mięta,Parafinowy,false,30.00 zł,720310531951,501,2023-11-30
Ljus,L,Wanilia,Sojowy,true,30.00 zł,028140851226,318,2022-11-22
Takfönster,L,Kokos,Parafinowy,false,35.00 zł,456064637530,935,2022-12-30
Lägereld,S,Kokos,Parafinowy,false,30.00 zł,800835761525,152,2022-07-25
Ljus,L,Lawenda,Parafinowy,false,30.00 zł,570661640619,357,2023-02-16
Gryning,S,Pomarańcza-goździki,Parafinowy,true,10.00 zł,937980550906,674,2022-09-01
Lykta,L,Wanilia,Sojowy,false,40.00 zł,400692792192,719,2023-07-05
Lykta,S,Sosna,Parafinowy,true,20.00 zł,046777984320,91,2023-11-02
Stjärna,M,Świerk,Parafinowy,true,50.00 zł,899178986478,817,2023-09-22
Stjärna,M,Wanilia,Parafinowy,true,50.00 zł,480439248691,950,2023-09-23
Takfönster,M,Kokos,Pszczeli,true,25.00 zł,280730163046,126,2023-01-20
Lykta,L,Grejpfrut,Rzepakowy,true,40.00 zł,542697735572,70,2023-03-15
Veke,M,Mięta,Parafinowy,true,40.00 zł,272215985507,774,2022-11-27
Veke,S,Jabłko-cynamon,Rzepakowy,true,30.00 zł,732290059497,879,2023-05-21
Lykta,M,Jaśmin,Parafinowy,false,30.00 zł,678654683037,627,2023-03-22
Gryning,L,Pomarańcza-goździki,Parafinowy,true,30.00 zł,901688195122,424,2022-11-21
Ljus,L,Sosna,Sojowy,false,30.00 zł,397468048409,741,2023-02-18
Lykta,M,Sosna,Parafinowy,true,30.00 zł,548413171500,857,2022-08-08
Veke,M,Świerk,Rzepakowy,true,40.00 zł,951122018005,533,2023-01-25
Gryning,M,Lawenda,Sojowy,false,20.00 zł,910162882367,345,2023-02-23
Gryning,M,Trawa cytrynowa,Pszczeli,false,20.00 zł,949092733668,925,2022-12-30
Lägereld,S,Wanilia,Parafinowy,true,30.00 zł,879195514805,252,2023-11-01
Glans,S,Jabłko-cynamon,Sojowy,true,25.00 zł,338706146445,555,2023-03-04
Lykta,M,Jabłko-cynamon,Pszczeli,false,30.00 zł,614801816020,693,2022-10-05
Veke,S,Jaśmin,Rzepakowy,false,30.00 zł,485656802946,361,2023-05-13
Takfönster,L,Kokos,Pszczeli,true,35.00 zł,110081039755,170,2023-08-14
Lägereld,M,Hiacynt,Rzepakowy,true,40.00 zł,874304164364,115,2023-10-20
Ljus,S,Jaśmin,Rzepakowy,true,10.00 zł,062812046492,980,2022-07-30
Glans,M,Lawenda,Rzepakowy,true,35.00 zł,444037808917,473,2023-09-18
Lägereld,L,Fiołek,Parafinowy,false,50.00 zł,090960362051,888,2023-10-30
Veke,M,Sosna,Rzepakowy,false,40.00 zł,067986673649,326,2023-09-01
Takfönster,L,Jaśmin,Pszczeli,false,35.00 zł,548607444185,794,2023-10-11
Veke,M,Kokos,Parafinowy,false,40.00 zł,360259620078,435,2022-12-15
Ljus,S,Kokos,Sojowy,false,10.00 zł,609105894826,838,2023-04-15
Stjärna,M,Grejpfrut,Sojowy,false,50.00 zł,526168699169,966,2023-02-05
Lykta,M,Świerk,Rzepakowy,false,30.00 zł,522175706030,149,2022-10-10
Gryning,M,Jaśmin,Parafinowy,false,20.00 zł,637065711262,958,2022-12-06
Lägereld,S,Grejpfrut,Parafinowy,false,30.00 zł,952656745162,531,2023-10-11
Gryning,L,Fiołek,Parafinowy,false,30.00 zł,605391695186,858,2023-03-12
Lägereld,M,Jaśmin,Sojowy,false,40.00 zł,998223080708,499,2022-11-10
Lägereld,M,Pomarańcza-goździki,Sojowy,true,40.00 zł,225400313591,133,2023-07-14
Glans,M,Lawenda,Parafinowy,false,35.00 zł,891745852765,900,2023-03-02
Glans,S,Kokos,Sojowy,false,25.00 zł,915268646698,566,2023-03-29
Stjärna,M,Kokos,Pszczeli,false,50.00 zł,923201400151,279,2023-11-03
Ljus,S,Hiacynt,Sojowy,false,10.00 zł,884392963123,300,2023-03-26
Ljus,M,Hiacynt,Pszczeli,false,20.00 zł,895208790965,44,2022-11-29
Takfönster,S,Hiacynt,Sojowy,false,15.00 zł,721263652743,506,2023-06-08
Lägereld,L,Trawa cytrynowa,Sojowy,false,50.00 zł,717267305676,647,2023-01-18
Veke,L,Mięta,Pszczeli,true,50.00 zł,846135649177,236,2023-11-23
Gryning,S,Hiacynt,Sojowy,false,10.00 zł,179639823995,310,2022-10-02
Stjärna,L,Lawenda,Pszczeli,false,60.00 zł,067170496406,881,2022-11-13
Takfönster,L,Grejpfrut,Rzepakowy,false,35.00 zł,042618902969,357,2022-12-27
Lykta,M,Kokos,Pszczeli,true,30.00 zł,248191060865,407,2022-08-24
Glans,M,Trawa cytrynowa,Pszczeli,true,35.00 zł,867041078384,356,2023-01-17
Lykta,L,Kokos,Sojowy,true,40.00 zł,469632238349,361,2022-07-31
Gryning,M,Wanilia,Rzepakowy,false,20.00 zł,189804104998,514,2022-08-12
Lykta,S,Świerk,Rzepakowy,true,20.00 zł,683128733855,536,2022-10-02
Gryning,M,Świerk,Parafinowy,false,20.00 zł,004054354922,447,2023-03-27
Gryning,L,Wanilia,Parafinowy,false,30.00 zł,796714028699,424,2023-11-06
Ljus,L,Grejpfrut,Parafinowy,false,30.00 zł,821995012130,853,2023-10-28
Lykta,S,Trawa cytrynowa,Rzepakowy,false,20.00 zł,732114328245,928,2022-08-19
Ljus,S,Jabłko-cynamon,Parafinowy,false,10.00 zł,793269575766,390,2023-04-11
Stjärna,M,Jaśmin,Sojowy,true,50.00 zł,106968362368,245,2023-07-28
Takfönster,M,Sosna,Parafinowy,true,25.00 zł,639428079579,929,2023-01-05
Glans,S,Wanilia,Parafinowy,true,25.00 zł,966651126766,129,2023-08-30
Lykta,L,Hiacynt,Rzepakowy,true,40.00 zł,623357891734,490,2023-05-14
Takfönster,L,Fiołek,Pszczeli,false,35.00 zł,893404043489,822,2022-12-31
Lykta,L,Grejpfrut,Parafinowy,false,40.00 zł,653905879401,426,2023-06-24
Lykta,M,Grejpfrut,Sojowy,false,30.00 zł,492309830740,971,2023-06-30
Takfönster,M,Świerk,Sojowy,false,25.00 zł,229573035680,285,2023-03-20
Glans,M,Jaśmin,Parafinowy,true,35.00 zł,228369596223,461,2022-11-07
Glans,M,Lawenda,Pszczeli,false,35.00 zł,051877815461,227,2023-09-05
Lägereld,L,Mięta,Pszczeli,true,50.00 zł,270944984638,378,2023-04-15
Takfönster,L,Sosna,Rzepakowy,false,35.00 zł,656089416181,617,2023-08-16
Ljus,S,Wanilia,Sojowy,true,10.00 zł,453038592861,372,2023-10-24
Takfönster,M,Trawa cytrynowa,Pszczeli,true,25.00 zł,801044994736,165,2023-07-12
Takfönster,L,Kokos,Sojowy,true,35.00 zł,867837070642,249,2022-08-09
Veke,S,Jabłko-cynamon,Parafinowy,true,30.00 zł,022867518583,196,2023-04-16
Lägereld,M,Fiołek,Sojowy,false,40.00 zł,486710440131,949,2023-02-07
Veke,L,Wanilia,Rzepakowy,true,50.00 zł,070233894201,322,2023-08-03
Stjärna,M,Grejpfrut,Rzepakowy,false,50.00 zł,888608668802,2,2023-02-28
Lägereld,S,Świerk,Rzepakowy,true,30.00 zł,584488302371,71,2023-08-10
Lägereld,M,Jaśmin,Sojowy,true,40.00 zł,985222639024,624,2023-01-21
Ljus,L,Jabłko-cynamon,Rzepakowy,true,30.00 zł,603087802996,909,2022-11-06
Lägereld,M,Jaśmin,Parafinowy,false,40.00 zł,053318495185,737,2022-10-05
Veke,M,Wanilia,Sojowy,true,40.00 zł,068530667670,6,2023-05-25
Gryning,L,Jabłko-cynamon,Sojowy,false,30.00 zł,583938965337,881,2022-08-04
Glans,L,Wanilia,Sojowy,false,45.00 zł,350206130556,129,2023-07-12
Stjärna,M,Lawenda,Pszczeli,true,50.00 zł,902258754579,318,2023-07-24
Lägereld,M,Wanilia,Sojowy,false,40.00 zł,548602856962,435,2023-09-29
Gryning,M,Sosna,Pszczeli,true,20.00 zł,433705578280,105,2023-09-08
Lägereld,L,Grejpfrut,Sojowy,true,50.00 zł,531261627907,85,2023-05-29
Glans,S,Jaśmin,Rzepakowy,true,25.00 zł,378130312850,580,2022-09-24
Glans,L,Fiołek,Rzepakowy,false,45.00 zł,594753093468,793,2023-02-27
Lägereld,M,Fiołek,Sojowy,false,40.00 zł,410206081054,789,2023-10-02
Lykta,S,Wanilia,Parafinowy,false,20.00 zł,122114390384,825,2023-09-14
Gryning,S,Sosna,Rzepakowy,true,10.00 zł,495706354383,674,2023-04-26
Takfönster,L,Świerk,Rzepakowy,true,35.00 zł,923000704162,467,2023-09-24
Stjärna,L,Świerk,Parafinowy,true,60.00 zł,479601992449,723,2022-11-03
Ljus,M,Jabłko-cynamon,Pszczeli,true,20.00 zł,063952375638,662,2022-11-19
Gryning,M,Świerk,Rzepakowy,false,20.00 zł,746741905959,520,2022-08-15
Ljus,M,Pomarańcza-goździki,Sojowy,true,20.00 zł,186362308876,468,2023-09-25
Stjärna,L,Trawa cytrynowa,Rzepakowy,true,60.00 zł,150984697171,851,2023-04-07
Glans,M,Trawa cytrynowa,Pszczeli,true,35.00 zł,759858316066,918,2023-04-16
Lykta,M,Trawa cytrynowa,Parafinowy,false,30.00 zł,246178238495,15,2022-11-07
Veke,S,Hiacynt,Sojowy,true,30.00 zł,515145217456,465,2022-10-14
Stjärna,M,Grejpfrut,Sojowy,true,50.00 zł,386881516394,458,2022-10-08
Glans,L,Pomarańcza-goździki,Sojowy,true,45.00 zł,067991178711,980,2022-11-28
Glans,L,Pomarańcza-goździki,Parafinowy,true,45.00 zł,774560370829,498,2023-02-14
Lykta,M,Jaśmin,Pszczeli,true,30.00 zł,938610384401,45,2023-04-07
Stjärna,S,Pomarańcza-goździki,Parafinowy,false,40.00 zł,059083168144,825,2022-11-09
Gryning,M,Grejpfrut,Parafinowy,true,20.00 zł,127386363104,852,2023-11-10
Veke,L,Kokos,Parafinowy,false,50.00 zł,455350012004,352,2023-04-06
Lägereld,M,Fiołek,Parafinowy,false,40.00 zł,839661910382,668,2022-12-31
Gryning,M,Pomarańcza-goździki,Pszczeli,false,20.00 zł,343005116317,816,2023-12-03
Takfönster,L,Świerk,Rzepakowy,false,35.00 zł,893836870467,340,2022-11-25
Lykta,M,Hiacynt,Parafinowy,false,30.00 zł,548572857962,634,2023-05-28
Lägereld,M,Świerk,Parafinowy,true,40.00 zł,375402617501,894,2023-04-25
Lägereld,M,Jaśmin,Parafinowy,true,40.00 zł,194529304474,439,2023-05-13
Lykta,M,Trawa cytrynowa,Pszczeli,true,30.00 zł,493381953397,363,2023-02-19
Gryning,S,Hiacynt,Sojowy,true,10.00 zł,437461811382,111,2023-08-02
Lägereld,L,Lawenda,Rzepakowy,false,50.00 zł,948501808808,57,2022-10-10
Glans,S,Kokos,Sojowy,false,25.00 zł,842337805493,863,2022-10-01
Stjärna,S,Wanilia,Rzepakowy,true,40.00 zł,523202022923,87,2022-09-06
Takfönster,S,Fiołek,Pszczeli,false,15.00 zł,245612293928,582,2023-10-13
Stjärna,M,Jabłko-cynamon,Sojowy,false,50.00 zł,048063347406,24,2023-11-01
Gryning,M,Fiołek,Pszczeli,true,20.00 zł,299648331684,840,2022-12-21
Lägereld,L,Hiacynt,Sojowy,true,50.00 zł,029664479890,12,2023-07-19
Glans,L,Trawa cytrynowa,Pszczeli,false,45.00 zł,557844907776,883,2022-11-02
Veke,L,Trawa cytrynowa,Rzepakowy,false,50.00 zł,454157201015,24,2023-08-20
Lykta,M,Fiołek,Pszczeli,false,30.00 zł,584801056655,87,2023-05-13
Gryning,M,Grejpfrut,Pszczeli,true,20.00 zł,419534903174,584,2023-03-22
Takfönster,L,Pomarańcza-goździki,Parafinowy,false,35.00 zł,119564274246,479,2022-09-02
Lykta,M,Jaśmin,Rzepakowy,true,30.00 zł,569354757873,517,2022-08-05
Gryning,L,Pomarańcza-goździki,Pszczeli,false,30.00 zł,540296038981,827,2023-03-18
Glans,S,Pomarańcza-goździki,Rzepakowy,true,25.00 zł,718802309927,881,2023-01-06
Lägereld,S,Jabłko-cynamon,Sojowy,false,30.00 zł,088318996530,6,2023-04-08
Lykta,M,Lawenda,Sojowy,true,30.00 zł,352175251931,125,2023-03-16
Takfönster,L,Fiołek,Parafinowy,false,35.00 zł,998186253001,143,2023-01-20
Lykta,L,Jaśmin,Pszczeli,false,40.00 zł,754820759285,199,2022-12-18
Takfönster,L,Świerk,Sojowy,false,35.00 zł,952600524780,845,2022-09-24
Takfönster,L,Fiołek,Parafinowy,false,35.00 zł,700718219107,424,2023-07-13
Takfönster,M,Kokos,Sojowy,true,25.00 zł,829793777523,646,2022-12-04
Takfönster,M,Sosna,Sojowy,true,25.00 zł,136109513774,576,2023-11-25
Lägereld,M,Lawenda,Rzepakowy,true,40.00 zł,264090425680,374,2022-12-09
Glans,S,Jabłko-cynamon,Parafinowy,false,25.00 zł,589290379946,300,2023-06-22
Gryning,S,Świerk,Pszczeli,true,10.00 zł,921493104563,410,2023-11-01
Lägereld,L,Pomarańcza-goździki,Parafinowy,false,50.00 zł,022110797151,989,2022-10-21
Lykta,M,Wanilia,Parafinowy,true,30.00 zł,230814291217,298,2023-04-15
Stjärna,L,Trawa cytrynowa,Rzepakowy,false,60.00 zł,289641989992,272,2022-08-19
Stjärna,M,Lawenda,Rzepakowy,true,50.00 zł,915033578418,728,2022-10-02
Stjärna,M,Kokos,Pszczeli,true,50.00 zł,083774330012,6,2022-08-24
Ljus,S,Grejpfrut,Parafinowy,true,10.00 zł,182885106107,524,2023-03-06
Glans,M,Fiołek,Rzepakowy,true,35.00 zł,676327220695,510,2023-04-21
Lägereld,S,Mięta,Rzepakowy,true,30.00 zł,190683642227,553,2023-03-27
Takfönster,L,Mięta,Rzepakowy,false,35.00 zł,781840810139,692,2023-11-01
Glans,M,Pomarańcza-goździki,Pszczeli,true,35.00 zł,517753602795,340,2022-11-02
Takfönster,L,Pomarańcza-goździki,Pszczeli,true,35.00 zł,441801290001,156,2023-08-28
Veke,L,Sosna,Pszczeli,false,50.00 zł,802605512318,922,2023-04-18
Lykta,S,Jaśmin,Parafinowy,true,20.00 zł,158438351024,541,2023-05-23
Gryning,S,Lawenda,Rzepakowy,true,10.00 zł,524542916376,999,2022-08-25
Ljus,L,Świerk,Sojowy,true,30.00 zł,114316495040,722,2023-10-01
Ljus,L,Hiacynt,Rzepakowy,false,30.00 zł,122193044271,531,2023-05-06
Gryning,M,Pomarańcza-goździki,Rzepakowy,false,20.00 zł,640086968658,778,2023-06-30
Lykta,L,Kokos,Parafinowy,true,40.00 zł,424936230801,205,2022-07-23
Glans,L,Pomarańcza-goździki,Sojowy,true,45.00 zł,843608028647,250,2023-03-29
Veke,S,Mięta,Parafinowy,true,30.00 zł,527337501229,985,2023-10-18
Lägereld,M,Jabłko-cynamon,Parafinowy,true,40.00 zł,449685024266,912,2023-06-03
Lägereld,S,Świerk,Pszczeli,true,30.00 zł,851826864852,963,2023-02-04
Lykta,M,Świerk,Sojowy,true,30.00 zł,884687543265,636,2023-05-10
Gryning,L,Trawa cytrynowa,Sojowy,true,30.00 zł,406964388512,809,2022-08-25
Gryning,L,Pomarańcza-goździki,Sojowy,true,30.00 zł,014626596547,771,2023-08-10
Glans,M,Fiołek,Pszczeli,true,35.00 zł,331452310663,994,2023-08-23
Lägereld,S,Kokos,Pszczeli,true,30.00 zł,534286539984,585,2022-12-24
Takfönster,M,Jaśmin,Parafinowy,false,25.00 zł,071414372647,636,2023-06-13
Glans,S,Jabłko-cynamon,Rzepakowy,false,25.00 zł,696591308570,230,2023-03-15
Takfönster,M,Mięta,Parafinowy,false,25.00 zł,349715881377,969,2022-12-19
Veke,L,Hiacynt,Parafinowy,true,50.00 zł,063667294961,472,2022-09-28
Glans,S,Sosna,Parafinowy,false,25.00 zł,076442410189,755,2023-11-08
Lägereld,L,Fiołek,Parafinowy,true,50.00 zł,641296697971,896,2023-09-14
Lägereld,S,Sosna,Pszczeli,true,30.00 zł,852199068176,732,2023-01-10
Lykta,M,Fiołek,Rzepakowy,false,30.00 zł,158460294979,387,2022-09-29
Takfönster,M,Jaśmin,Parafinowy,true,25.00 zł,078158996386,973,2023-10-14
Glans,L,Trawa cytrynowa,Sojowy,true,45.00 zł,170131785652,383,2023-08-10
Lägereld,S,Świerk,Rzepakowy,true,30.00 zł,456674492675,11,2023-04-07
Stjärna,L,Grejpfrut,Sojowy,true,60.00 zł,858328433411,869,2023-11-23
Veke,L,Fiołek,Rzepakowy,false,50.00 zł,256709581516,455,2022-09-28
Glans,S,Sosna,Rzepakowy,true,25.00 zł,914413428447,364,2023-03-02
Stjärna,M,Lawenda,Pszczeli,true,50.00 zł,074157316195,62,2023-02-20
Lägereld,M,Świerk,Pszczeli,true,40.00 zł,185486452957,559,2023-09-13
Glans,L,Sosna,Sojowy,true,45.00 zł,960439582818,334,2023-06-02
Takfönster,L,Trawa cytrynowa,Parafinowy,false,35.00 zł,569112246999,33,2023-03-17
Veke,L,Jabłko-cynamon,Rzepakowy,true,50.00 zł,634216649211,38,2023-05-09
Gryning,S,Mięta,Sojowy,false,10.00 zł,716548995364,175,2022-09-01
Gryning,L,Wanilia,Rzepakowy,true,30.00 zł,422336749849,257,2022-07-28
Gryning,M,Wanilia,Sojowy,false,20.00 zł,663660048255,441,2023-11-01
Veke,M,Świerk,Pszczeli,false,40.00 zł,168489141466,350,2023-11-12
Lägereld,M,Jabłko-cynamon,Parafinowy,false,40.00 zł,049590621196,501,2023-10-04
Glans,S,Grejpfrut,Sojowy,false,25.00 zł,931231065367,71,2023-04-12
Stjärna,L,Pomarańcza-goździki,Parafinowy,false,60.00 zł,137341543484,881,2022-10-24
Lägereld,M,Kokos,Pszczeli,false,40.00 zł,252722844437,511,2023-05-06
Lykta,L,Hiacynt,Sojowy,false,40.00 zł,886252344443,370,2023-03-30
Lägereld,S,Pomarańcza-goździki,Parafinowy,false,30.00 zł,191421428564,845,2023-05-07
Lykta,M,Mięta,Pszczeli,false,30.00 zł,925177868490,234,2022-11-24
Stjärna,S,Hiacynt,Rzepakowy,false,40.00 zł,838806825430,529,2022-11-29
Stjärna,M,Pomarańcza-goździki,Rzepakowy,true,50.00 zł,219390397573,173,2022-07-30
Takfönster,L,Hiacynt,Sojowy,true,35.00 zł,576586137550,928,2022-09-30
Glans,S,Grejpfrut,Pszczeli,true,25.00 zł,741217513962,653,2023-10-28
Glans,L,Lawenda,Sojowy,true,45.00 zł,499415142374,316,2023-08-20
Ljus,M,Trawa cytrynowa,Parafinowy,false,20.00 zł,257626145160,568,2022-10-07
Glans,L,Trawa cytrynowa,Rzepakowy,false,45.00 zł,878336764982,552,2023-02-16
Stjärna,L,Wanilia,Sojowy,false,60.00 zł,438641549465,493,2022-08-24
Ljus,M,Fiołek,Pszczeli,false,20.00 zł,042658698627,543,2023-07-13
Stjärna,M,Mięta,Rzepakowy,true,50.00 zł,259794987915,982,2023-04-25
Takfönster,M,Świerk,Sojowy,true,25.00 zł,705158723765,581,2023-04-24
Lägereld,M,Pomarańcza-goździki,Rzepakowy,true,40.00 zł,039834774189,354,2023-03-24
Lykta,M,Wanilia,Pszczeli,true,30.00 zł,732778695015,78,2023-05-31
Glans,S,Grejpfrut,Sojowy,true,25.00 zł,582395709749,216,2023-06-16
Takfönster,M,Świerk,Pszczeli,true,25.00 zł,303770502303,183,2023-01-30
Gryning,L,Hiacynt,Parafinowy,true,30.00 zł,252078789858,780,2022-12-09
Gryning,S,Jabłko-cynamon,Rzepakowy,true,10.00 zł,681336325199,753,2023-02-06
Gryning,L,Wanilia,Sojowy,false,30.00 zł,424834195674,670,2022-11-24
Lägereld,M,Lawenda,Parafinowy,true,40.00 zł,735299427612,502,2023-09-11
Gryning,S,Jaśmin,Parafinowy,false,10.00 zł,480604961972,178,2022-08-02
Takfönster,L,Pomarańcza-goździki,Rzepakowy,false,35.00 zł,632606778537,143,2023-03-27
Lägereld,M,Wanilia,Rzepakowy,true,40.00 zł,398673514290,595,2023-03-17
Lägereld,M,Kokos,Rzepakowy,false,40.00 zł,023961701989,865,2022-08-15
Lägereld,S,Wanilia,Sojowy,false,30.00 zł,968241315327,80,2023-06-02
Lykta,M,Jaśmin,Pszczeli,true,30.00 zł,132359281897,690,2023-09-22
Veke,L,Grejpfrut,Parafinowy,true,50.00 zł,484959200331,586,2023-10-25
Stjärna,M,Mięta,Pszczeli,false,50.00 zł,651944250552,545,2023-11-14
Gryning,M,Mięta,Sojowy,false,20.00 zł,133216574102,997,2023-02-10
Takfönster,M,Świerk,Rzepakowy,true,25.00 zł,019440323364,415,2023-03-19
Lägereld,M,Jaśmin,Rzepakowy,false,40.00 zł,925574997447,573,2022-09-03
Lykta,L,Hiacynt,Sojowy,true,40.00 zł,404529108790,359,2022-09-16
Gryning,M,Kokos,Sojowy,false,20.00 zł,843312459202,95,2023-05-05
Takfönster,L,Jabłko-cynamon,Parafinowy,true,35.00 zł,976261270653,256,2022-11-13
Lykta,L,Pomarańcza-goździki,Rzepakowy,false,40.00 zł,510931698719,418,2023-11-07
Lägereld,M,Świerk,Sojowy,true,40.00 zł,824139458430,785,2023-07-01
Lykta,S,Trawa cytrynowa,Rzepakowy,true,20.00 zł,273591212115,144,2023-01-21
Glans,M,Mięta,Parafinowy,false,35.00 zł,599920596212,109,2022-10-25
Veke,S,Świerk,Parafinowy,false,30.00 zł,214327448300,318,2023-06-12
Ljus,L,Wanilia,Sojowy,false,30.00 zł,428022736639,713,2023-03-24
Gryning,M,Lawenda,Rzepakowy,true,20.00 zł,418417339251,227,2022-11-23
Stjärna,M,Fiołek,Sojowy,true,50.00 zł,970022350851,832,2022-11-02
Lykta,S,Trawa cytrynowa,Parafinowy,true,20.00 zł,750345232590,820,2023-06-02
Lykta,L,Sosna,Sojowy,true,40.00 zł,972259880712,48,2022-12-26
Veke,L,Mięta,Pszczeli,false,50.00 zł,125313864219,744,2022-12-13
Ljus,M,Grejpfrut,Pszczeli,true,20.00 zł,981961882458,779,2023-08-05
Lykta,M,Lawenda,Parafinowy,true,30.00 zł,006214960782,241,2022-08-14
Lykta,L,Pomarańcza-goździki,Parafinowy,false,40.00 zł,799948765112,889,2023-05-22
Veke,S,Mięta,Parafinowy,true,30.00 zł,632553148737,7,2022-11-28
Glans,M,Jabłko-cynamon,Parafinowy,false,35.00 zł,971369202944,643,2023-11-06
Gryning,M,Świerk,Parafinowy,true,20.00 zł,003499696729,429,2023-06-29
Stjärna,M,Sosna,Sojowy,true,50.00 zł,900169143269,337,2023-04-09
Lägereld,S,Lawenda,Pszczeli,true,30.00 zł,743274042237,294,2023-08-09
Glans,M,Mięta,Parafinowy,true,35.00 zł,887612496134,488,2023-11-20
Ljus,M,Pomarańcza-goździki,Pszczeli,true,20.00 zł,070803923466,474,2023-06-20
Takfönster,M,Wanilia,Parafinowy,true,25.00 zł,961992807008,431,2022-09-05
Gryning,M,Mięta,Rzepakowy,false,20.00 zł,309474856246,112,2023-05-24
Lägereld,L,Hiacynt,Parafinowy,false,50.00 zł,775956076633,871,2022-12-02
Ljus,L,Świerk,Rzepakowy,true,30.00 zł,195033568701,606,2023-04-10
Gryning,M,Hiacynt,Parafinowy,true,20.00 zł,167235485368,638,2022-11-22
Stjärna,S,Mięta,Sojowy,false,40.00 zł,822362606431,861,2022-09-11
Lykta,L,Mięta,Parafinowy,false,40.00 zł,036588136561,776,2022-07-23
Lägereld,M,Hiacynt,Pszczeli,false,40.00 zł,275377776830,863,2023-01-20
Glans,S,Sosna,Pszczeli,false,25.00 zł,961891068911,646,2022-11-21
Glans,M,Grejpfrut,Rzepakowy,true,35.00 zł,197763319277,792,2022-09-30
Lägereld,M,Hiacynt,Sojowy,true,40.00 zł,566810035315,611,2023-09-19
Gryning,L,Grejpfrut,Sojowy,true,30.00 zł,545854220129,395,2022-07-31
Stjärna,M,Pomarańcza-goździki,Parafinowy,true,50.00 zł,642352192168,655,2023-06-11
Gryning,M,Lawenda,Rzepakowy,false,20.00 zł,176429473557,864,2022-10-01
Glans,M,Jabłko-cynamon,Parafinowy,false,35.00 zł,860154026109,910,2022-07-22
Ljus,M,Lawenda,Rzepakowy,true,20.00 zł,906269003405,733,2022-11-04
Glans,L,Grejpfrut,Parafinowy,true,45.00 zł,324946780821,578,2022-08-04
Ljus,M,Mięta,Parafinowy,true,20.00 zł,177119260340,662,2022-08-02
Stjärna,M,Jaśmin,Sojowy,true,50.00 zł,299552827241,52,2022-08-07
Stjärna,L,Jabłko-cynamon,Sojowy,true,60.00 zł,476912020693,177,2022-09-02
Veke,M,Lawenda,Rzepakowy,true,40.00 zł,325185525336,439,2023-04-12
Gryning,S,Pomarańcza-goździki,Sojowy,true,10.00 zł,445160659864,190,2023-10-24
Lykta,M,Kokos,Rzepakowy,true,30.00 zł,722948848595,223,2023-10-28
Lykta,M,Jaśmin,Pszczeli,true,30.00 zł,544301393218,465,2022-11-16
Stjärna,M,Jaśmin,Sojowy,false,50.00 zł,114204960787,413,2023-07-10
Gryning,M,Hiacynt,Rzepakowy,true,20.00 zł,177274072034,897,2022-08-01
Lägereld,M,Kokos,Parafinowy,false,40.00 zł,704972958375,645,2023-09-08
Stjärna,L,Sosna,Rzepakowy,true,60.00 zł,166078747246,273,2023-06-21
Lykta,L,Kokos,Rzepakowy,false,40.00 zł,285214770668,418,2023-08-12
Stjärna,M,Mięta,Rzepakowy,true,50.00 zł,019416070696,396,2022-10-09
Lykta,M,Kokos,Rzepakowy,true,30.00 zł,912808079036,725,2022-11-14
Takfönster,S,Fiołek,Sojowy,true,15.00 zł,248290819090,93,2023-04-03
Takfönster,M,Sosna,Parafinowy,true,25.00 zł,327469723177,212,2023-01-01
Lägereld,M,Pomarańcza-goździki,Parafinowy,false,40.00 zł,244079784533,615,2023-03-24
Lägereld,L,Jabłko-cynamon,Sojowy,false,50.00 zł,131364696478,547,2023-08-18
Lägereld,L,Jaśmin,Pszczeli,false,50.00 zł,734493114692,747,2023-07-16
Takfönster,L,Kokos,Rzepakowy,true,35.00 zł,453065161950,67,2022-08-16
Lägereld,L,Grejpfrut,Parafinowy,true,50.00 zł,617759507632,462,2023-04-29
Veke,S,Trawa cytrynowa,Parafinowy,true,30.00 zł,578759461078,201,2023-07-14
Lykta,S,Jabłko-cynamon,Parafinowy,true,20.00 zł,095525962330,551,2023-09-20
Lykta,M,Trawa cytrynowa,Parafinowy,false,30.00 zł,044456338129,914,2022-08-07
Glans,M,Trawa cytrynowa,Pszczeli,true,35.00 zł,735040917328,285,2023-08-26
Lykta,S,Mięta,Rzepakowy,true,20.00 zł,638683364045,400,2023-03-02
Lykta,M,Grejpfrut,Rzepakowy,false,30.00 zł,777654949215,663,2023-05-30
Lägereld,L,Kokos,Pszczeli,true,50.00 zł,951598644925,939,2023-05-23
Veke,M,Jabłko-cynamon,Pszczeli,true,40.00 zł,041599479570,838,2023-11-02
Stjärna,S,Świerk,Sojowy,true,40.00 zł,051566272629,71,2023-03-02
Ljus,S,Kokos,Rzepakowy,false,10.00 zł,385585428441,707,2022-12-25
Ljus,L,Hiacynt,Pszczeli,false,30.00 zł,558036157284,192,2023-10-28
Takfönster,L,Świerk,Rzepakowy,true,35.00 zł,270429275439,485,2023-08-24
Veke,L,Pomarańcza-goździki,Pszczeli,false,50.00 zł,140342605936,484,2023-10-01
Glans,M,Lawenda,Rzepakowy,false,35.00 zł,118728386793,574,2023-02-09
Glans,L,Mięta,Sojowy,true,45.00 zł,355884370750,46,2022-10-06
Lägereld,M,Fiołek,Parafinowy,false,40.00 zł,178601970715,22,2023-11-08
Lykta,M,Jaśmin,Rzepakowy,true,30.00 zł,317539936043,171,2023-02-28
Ljus,M,Sosna,Pszczeli,false,20.00 zł,407069693802,186,2023-05-21
Veke,S,Hiacynt,Sojowy,false,30.00 zł,924135025102,742,2023-11-16
Lykta,L,Lawenda,Rzepakowy,true,40.00 zł,015643021713,632,2023-08-16
Lägereld,M,Jabłko-cynamon,Sojowy,true,40.00 zł,246191045675,857,2023-09-05
Lägereld,L,Grejpfrut,Pszczeli,false,50.00 zł,044097761419,555,2023-06-17
Takfönster,M,Świerk,Pszczeli,true,25.00 zł,028338358475,460,2023-07-07
Gryning,S,Świerk,Rzepakowy,false,10.00 zł,483066242899,347,2022-10-18
Lykta,S,Trawa cytrynowa,Pszczeli,false,20.00 zł,660037877436,36,2022-11-09
Ljus,L,Trawa cytrynowa,Rzepakowy,false,30.00 zł,153834383993,118,2023-07-18
Gryning,M,Jabłko-cynamon,Sojowy,true,20.00 zł,527296026982,588,2023-02-25
Takfönster,S,Kokos,Rzepakowy,true,15.00 zł,468542748031,132,2023-09-21
Lykta,M,Fiołek,Rzepakowy,false,30.00 zł,328231456119,4,2022-12-21
Lykta,M,Sosna,Sojowy,false,30.00 zł,218822263384,781,2022-11-19
Lägereld,L,Hiacynt,Rzepakowy,false,50.00 zł,812046337172,689,2023-04-03
Stjärna,L,Jaśmin,Parafinowy,false,60.00 zł,855047755810,277,2023-09-17
Lykta,M,Grejpfrut,Sojowy,false,30.00 zł,791244750576,509,2023-01-04
Gryning,M,Kokos,Parafinowy,false,20.00 zł,090596993479,835,2023-03-27
Veke,S,Fiołek,Parafinowy,false,30.00 zł,344674246457,558,2023-05-18
Stjärna,L,Fiołek,Pszczeli,false,60.00 zł,699077044866,345,2023-11-12
Ljus,L,Jaśmin,Pszczeli,true,30.00 zł,174633436463,100,2023-06-08
Veke,M,Wanilia,Pszczeli,false,40.00 zł,105954830177,712,2023-01-13
Lykta,S,Pomarańcza-goździki,Parafinowy,true,20.00 zł,596800496278,477,2022-09-25
Ljus,M,Trawa cytrynowa,Rzepakowy,false,20.00 zł,271384389178,618,2023-04-25
Veke,M,Fiołek,Sojowy,false,40.00 zł,732920708718,958,2023-01-07
Lykta,M,Wanilia,Rzepakowy,false,30.00 zł,248440568333,474,2022-08-13
Takfönster,L,Pomarańcza-goździki,Parafinowy,true,35.00 zł,910895772538,210,2023-08-16
Lykta,M,Wanilia,Sojowy,true,30.00 zł,997762172174,338,2023-07-19
Veke,S,Fiołek,Rzepakowy,false,30.00 zł,130455789718,558,2023-02-03
Takfönster,M,Fiołek,Parafinowy,false,25.00 zł,666543045114,416,2023-11-24
Takfönster,S,Fiołek,Sojowy,true,15.00 zł,080247752286,798,2022-11-22
Stjärna,S,Świerk,Pszczeli,false,40.00 zł,887890702873,239,2022-10-25
Glans,L,Wanilia,Sojowy,true,45.00 zł,550956077930,352,2023-06-05
Veke,L,Jabłko-cynamon,Parafinowy,true,50.00 zł,807428136644,20,2023-11-01
Ljus,M,Grejpfrut,Sojowy,false,20.00 zł,260703871764,748,2023-01-28
Lykta,M,Mięta,Parafinowy,true,30.00 zł,809546168910,932,2022-10-18
Glans,M,Fiołek,Sojowy,false,35.00 zł,063188028540,160,2023-09-13
Ljus,L,Fiołek,Sojowy,true,30.00 zł,858132654683,517,2023-02-04
Stjärna,M,Kokos,Rzepakowy,false,50.00 zł,435182910240,367,2023-06-04
Takfönster,L,Fiołek,Pszczeli,false,35.00 zł,039634115084,403,2023-03-14
Lykta,L,Sosna,Pszczeli,true,40.00 zł,573405750681,79,2023-08-11
Glans,M,Świerk,Parafinowy,true,35.00 zł,844571027695,676,2023-10-24
Takfönster,L,Grejpfrut,Rzepakowy,false,35.00 zł,904216906459,532,2023-04-25
Ljus,M,Hiacynt,Pszczeli,false,20.00 zł,259386462518,5,2023-09-30
Lykta,M,Mięta,Parafinowy,true,30.00 zł,050106422317,11,2023-04-19
Lägereld,L,Grejpfrut,Rzepakowy,false,50.00 zł,398996750400,62,2023-09-17
Gryning,L,Pomarańcza-goździki,Sojowy,false,30.00 zł,379265868824,89,2022-12-10
Gryning,L,Pomarańcza-goździki,Parafinowy,true,30.00 zł,424948047314,250,2023-05-25
Stjärna,L,Lawenda,Sojowy,true,60.00 zł,398463659590,999,2023-11-05
Gryning,L,Świerk,Pszczeli,false,30.00 zł,216892786453,22,2023-11-07
Stjärna,S,Grejpfrut,Pszczeli,true,40.00 zł,960539241843,895,2022-12-02
Lykta,L,Hiacynt,Parafinowy,false,40.00 zł,193211848594,679,2022-10-28
Ljus,M,Wanilia,Sojowy,false,20.00 zł,998141645242,493,2022-12-13
Lägereld,L,Sosna,Parafinowy,true,50.00 zł,530868716125,416,2022-10-03
Ljus,S,Kokos,Pszczeli,false,10.00 zł,203561361054,400,2023-06-14
Stjärna,M,Grejpfrut,Pszczeli,true,50.00 zł,144083153167,913,2023-07-17
Ljus,M,Sosna,Pszczeli,false,20.00 zł,745753582949,140,2023-03-17
Stjärna,S,Hiacynt,Pszczeli,false,40.00 zł,562663561550,461,2023-01-06
Stjärna,M,Hiacynt,Sojowy,false,50.00 zł,543472179947,237,2023-04-17
Veke,M,Grejpfrut,Sojowy,false,40.00 zł,440604216794,438,2023-08-04
Ljus,S,Lawenda,Rzepakowy,true,10.00 zł,466743926546,580,2022-09-22
Lägereld,M,Mięta,Sojowy,false,40.00 zł,121054032903,30,2022-10-09
Stjärna,M,Lawenda,Parafinowy,true,50.00 zł,937723104742,76,2022-12-04
Gryning,M,Fiołek,Rzepakowy,false,20.00 zł,313261201012,138,2023-06-14
Lykta,M,Kokos,Rzepakowy,true,30.00 zł,788721691765,833,2023-11-27
Gryning,M,Wanilia,Parafinowy,true,20.00 zł,371906632527,414,2022-10-23
Lykta,L,Hiacynt,Rzepakowy,false,40.00 zł,454129260340,237,2023-02-08
Takfönster,S,Jabłko-cynamon,Rzepakowy,false,15.00 zł,781566927770,186,2022-08-03
Gryning,S,Wanilia,Rzepakowy,false,10.00 zł,847212589370,510,2023-08-23
Lägereld,L,Kokos,Rzepakowy,false,50.00 zł,475138742403,564,2023-11-29
Takfönster,S,Jabłko-cynamon,Parafinowy,true,15.00 zł,909754671837,687,2022-09-25
Veke,L,Sosna,Sojowy,true,50.00 zł,958669490577,102,2023-02-03
Veke,L,Sosna,Sojowy,false,50.00 zł,149441322453,86,2022-12-12
Lägereld,S,Mięta,Pszczeli,false,30.00 zł,803863648079,472,2023-03-15
Glans,S,Pomarańcza-goździki,Sojowy,true,25.00 zł,245555354672,88,2022-10-27
Takfönster,S,Mięta,Rzepakowy,true,15.00 zł,697701431779,972,2023-02-18
Lägereld,M,Wanilia,Sojowy,true,40.00 zł,416867309101,591,2022-12-24
Glans,S,Mięta,Rzepakowy,false,25.00 zł,655001192733,581,2023-02-16
Takfönster,M,Pomarańcza-goździki,Rzepakowy,true,25.00 zł,959533365477,809,2022-09-13
Takfönster,M,Grejpfrut,Pszczeli,true,25.00 zł,936638298386,433,2022-12-01
Glans,L,Świerk,Pszczeli,true,45.00 zł,472838455293,464,2022-11-13
Ljus,M,Hiacynt,Rzepakowy,false,20.00 zł,184427644929,155,2022-08-30
Stjärna,M,Fiołek,Parafinowy,false,50.00 zł,853593194605,375,2022-08-09
Ljus,M,Grejpfrut,Pszczeli,true,20.00 zł,471427935532,121,2022-09-02
Glans,L,Jabłko-cynamon,Rzepakowy,false,45.00 zł,275173237757,23,2022-08-08
Lykta,M,Mięta,Pszczeli,false,30.00 zł,003351128102,717,2023-03-17
Veke,S,Jabłko-cynamon,Parafinowy,false,30.00 zł,276269734892,640,2022-12-25
Gryning,M,Sosna,Pszczeli,true,20.00 zł,122820041925,652,2023-03-30
Lägereld,M,Jaśmin,Sojowy,true,40.00 zł,267472206653,34,2022-08-24
Glans,L,Fiołek,Rzepakowy,true,45.00 zł,176252108007,990,2022-11-27
Stjärna,M,Sosna,Rzepakowy,true,50.00 zł,349710767343,227,2023-01-31
Veke,S,Fiołek,Pszczeli,true,30.00 zł,626724370174,383,2023-06-15
Stjärna,M,Sosna,Rzepakowy,true,50.00 zł,540369887953,609,2023-08-18
Lykta,M,Grejpfrut,Rzepakowy,true,30.00 zł,029585775357,681,2023-04-18
Veke,S,Fiołek,Parafinowy,true,30.00 zł,847825632462,593,2022-11-24
Ljus,S,Kokos,Pszczeli,true,10.00 zł,337462455161,834,2023-01-27
Ljus,M,Grejpfrut,Pszczeli,false,20.00 zł,913406684839,559,2023-07-26
Lägereld,L,Fiołek,Pszczeli,true,50.00 zł,276474127632,814,2023-01-18
Takfönster,S,Pomarańcza-goździki,Parafinowy,false,15.00 zł,567407424302,214,2022-10-14
Stjärna,S,Kokos,Rzepakowy,false,40.00 zł,285170504835,115,2023-05-10
Lykta,S,Fiołek,Rzepakowy,true,20.00 zł,729961750881,174,2022-12-09
Gryning,S,Świerk,Sojowy,false,10.00 zł,972943501440,304,2022-08-09
Lykta,M,Lawenda,Pszczeli,true,30.00 zł,184892386970,764,2023-05-16
Stjärna,S,Kokos,Rzepakowy,true,40.00 zł,266859826776,760,2023-03-23
Stjärna,S,Fiołek,Rzepakowy,false,40.00 zł,582578382090,919,2022-12-28
Veke,M,Grejpfrut,Rzepakowy,false,40.00 zł,393805103537,104,2023-10-18
Gryning,M,Jabłko-cynamon,Parafinowy,true,20.00 zł,561273111508,391,2023-02-17
Takfönster,S,Pomarańcza-goździki,Sojowy,true,15.00 zł,427740238389,349,2023-02-12
Takfönster,M,Wanilia,Sojowy,true,25.00 zł,015369247558,225,2023-10-29
Gryning,M,Pomarańcza-goździki,Rzepakowy,true,20.00 zł,440146254162,169,2023-11-10
Lykta,S,Jaśmin,Sojowy,false,20.00 zł,175493094309,896,2023-10-25
Lykta,L,Fiołek,Sojowy,false,40.00 zł,242005024683,932,2022-12-04
Glans,M,Mięta,Rzepakowy,true,35.00 zł,058177865823,455,2022-12-09
Lykta,M,Trawa cytrynowa,Parafinowy,false,30.00 zł,771499605847,395,2023-11-21
Lykta,M,Jaśmin,Pszczeli,true,30.00 zł,872511977375,167,2023-02-10
Lykta,M,Wanilia,Parafinowy,false,30.00 zł,170416808918,214,2023-01-03
Stjärna,L,Pomarańcza-goździki,Parafinowy,true,60.00 zł,089203764903,119,2022-10-05
Lykta,L,Lawenda,Sojowy,true,40.00 zł,146799039531,387,2023-05-31
Stjärna,S,Świerk,Sojowy,false,40.00 zł,448379000105,582,2022-09-27
Lykta,M,Lawenda,Sojowy,true,30.00 zł,920520160741,307,2023-08-26
Glans,S,Fiołek,Parafinowy,true,25.00 zł,388250280253,641,2023-10-20
Lykta,M,Jabłko-cynamon,Rzepakowy,false,30.00 zł,437557288373,999,2022-11-29
Glans,L,Hiacynt,Sojowy,false,45.00 zł,223639832650,844,2023-04-07
Stjärna,L,Kokos,Rzepakowy,false,60.00 zł,339144057811,294,2022-10-21
Lägereld,L,Wanilia,Parafinowy,true,50.00 zł,756919435091,605,2023-04-12
Glans,S,Fiołek,Rzepakowy,true,25.00 zł,308774677860,865,2022-10-12
Gryning,L,Jaśmin,Rzepakowy,false,30.00 zł,302333900608,601,2023-02-23
Lägereld,L,Hiacynt,Sojowy,true,50.00 zł,333771872924,661,2023-04-26
Gryning,M,Lawenda,Rzepakowy,false,20.00 zł,484927389261,983,2023-08-01
Glans,L,Trawa cytrynowa,Rzepakowy,false,45.00 zł,339187145308,915,2022-12-05
Ljus,S,Trawa cytrynowa,Pszczeli,true,10.00 zł,081233861665,565,2023-05-19
Lykta,S,Mięta,Rzepakowy,true,20.00 zł,200475269920,952,2023-07-05
Gryning,M,Grejpfrut,Rzepakowy,true,20.00 zł,548370703458,979,2022-10-15
Glans,L,Wanilia,Sojowy,false,45.00 zł,738037561947,404,2023-06-08
Stjärna,M,Mięta,Parafinowy,true,50.00 zł,684458046770,364,2023-08-03
Lägereld,M,Kokos,Sojowy,true,40.00 zł,390785932626,644,2022-08-30
Ljus,S,Grejpfrut,Parafinowy,false,10.00 zł,144866982328,418,2022-12-07
Lykta,M,Grejpfrut,Sojowy,false,30.00 zł,356932922111,842,2023-10-15
Lykta,M,Lawenda,Pszczeli,true,30.00 zł,848355965660,462,2023-11-07
Stjärna,M,Grejpfrut,Pszczeli,false,50.00 zł,411302434165,805,2023-04-09
Ljus,L,Hiacynt,Parafinowy,true,30.00 zł,995790826783,923,2023-05-18
Glans,S,Trawa cytrynowa,Rzepakowy,false,25.00 zł,707927657398,497,2022-12-26
Veke,S,Świerk,Parafinowy,false,30.00 zł,081251139288,488,2023-06-04
Takfönster,S,Trawa cytrynowa,Sojowy,false,15.00 zł,529081180726,352,2023-03-24
Lykta,M,Lawenda,Pszczeli,false,30.00 zł,109365941087,53,2023-01-18
Veke,S,Sosna,Rzepakowy,false,30.00 zł,262958277368,493,2023-01-05
Takfönster,M,Sosna,Sojowy,true,25.00 zł,996669533930,424,2022-12-04
Takfönster,M,Wanilia,Sojowy,true,25.00 zł,733063708561,772,2023-09-26
Takfönster,M,Trawa cytrynowa,Rzepakowy,true,25.00 zł,945498713800,913,2023-04-11
Stjärna,S,Grejpfrut,Parafinowy,true,40.00 zł,907546784761,274,2023-11-21
Veke,S,Mięta,Pszczeli,false,30.00 zł,510472298181,639,2022-08-31
Stjärna,M,Hiacynt,Sojowy,true,50.00 zł,527915512739,529,2023-06-30
Veke,M,Lawenda,Rzepakowy,false,40.00 zł,505957161139,628,2022-10-01
Gryning,S,Mięta,Parafinowy,false,10.00 zł,697457860985,918,2022-12-22
Lägereld,S,Grejpfrut,Pszczeli,false,30.00 zł,897988712139,757,2023-11-04
Veke,M,Wanilia,Parafinowy,false,40.00 zł,113880734635,687,2023-04-17
Veke,M,Kokos,Parafinowy,false,40.00 zł,003672439172,394,2023-04-07
Stjärna,L,Kokos,Pszczeli,true,60.00 zł,740652138560,150,2022-10-15
Lägereld,M,Fiołek,Rzepakowy,true,40.00 zł,414977620024,424,2023-07-19
Glans,L,Fiołek,Rzepakowy,false,45.00 zł,000728632389,717,2022-09-18
Gryning,L,Hiacynt,Pszczeli,false,30.00 zł,770960820388,985,2023-01-08
Glans,M,Mięta,Sojowy,false,35.00 zł,407635652349,370,2023-05-20
Lykta,M,Mięta,Parafinowy,true,30.00 zł,211641356479,405,2023-07-30
Stjärna,L,Sosna,Rzepakowy,false,60.00 zł,273526516896,980,2023-05-27
Gryning,M,Świerk,Rzepakowy,true,20.00 zł,925334062317,901,2022-09-12
Lykta,L,Mięta,Pszczeli,true,40.00 zł,689060521980,508,2023-07-17
Gryning,L,Mięta,Pszczeli,false,30.00 zł,223394398161,479,2023-07-16
Lägereld,L,Grejpfrut,Rzepakowy,true,50.00 zł,017489508248,830,2023-10-20
Glans,S,Trawa cytrynowa,Sojowy,true,25.00 zł,786847575895,434,2023-10-12
Ljus,S,Fiołek,Sojowy,false,10.00 zł,571777039972,489,2022-11-30
Glans,M,Hiacynt,Sojowy,false,35.00 zł,313018202640,642,2023-11-03
Takfönster,L,Trawa cytrynowa,Rzepakowy,false,35.00 zł,387725581756,450,2023-06-20
Stjärna,M,Jaśmin,Rzepakowy,false,50.00 zł,609526538538,107,2023-01-20
Takfönster,L,Kokos,Pszczeli,false,35.00 zł,298279522865,139,2022-10-16
Stjärna,M,Kokos,Sojowy,false,50.00 zł,547823860616,188,2023-11-07
Veke,M,Mięta,Sojowy,false,40.00 zł,130148456605,235,2023-08-15
Ljus,L,Grejpfrut,Rzepakowy,false,30.00 zł,729490305694,402,2022-10-24
Stjärna,M,Jaśmin,Pszczeli,false,50.00 zł,450478480948,518,2023-07-14
Ljus,M,Hiacynt,Sojowy,false,20.00 zł,873922181676,316,2023-08-27
Stjärna,L,Lawenda,Pszczeli,false,60.00 zł,916624644175,141,2023-11-22
Ljus,M,Jaśmin,Rzepakowy,false,20.00 zł,452423082440,8,2023-06-21
Lykta,M,Mięta,Rzepakowy,true,30.00 zł,867430151543,847,2022-08-16
Veke,S,Grejpfrut,Rzepakowy,true,30.00 zł,781711916789,804,2022-11-13
Takfönster,S,Pomarańcza-goździki,Parafinowy,false,15.00 zł,344872391644,784,2023-03-04
Ljus,S,Mięta,Sojowy,false,10.00 zł,847915504740,889,2023-10-30
Ljus,L,Lawenda,Sojowy,true,30.00 zł,421916653347,338,2022-10-04
Veke,M,Trawa cytrynowa,Pszczeli,false,40.00 zł,815009424883,668,2022-09-03
Ljus,M,Pomarańcza-goździki,Rzepakowy,false,20.00 zł,628447430155,470,2022-12-31
Ljus,M,Trawa cytrynowa,Rzepakowy,true,20.00 zł,235091493236,121,2023-06-28
Veke,M,Grejpfrut,Parafinowy,false,40.00 zł,544727262157,476,2023-01-12
Stjärna,L,Hiacynt,Rzepakowy,false,60.00 zł,043827271107,696,2023-06-27
Lykta,M,Mięta,Sojowy,false,30.00 zł,014401079681,298,2023-02-05
Glans,L,Sosna,Rzepakowy,false,45.00 zł,988306067267,81,2023-10-10
Veke,S,Mięta,Pszczeli,true,30.00 zł,217991146309,702,2023-11-03
Veke,M,Świerk,Parafinowy,false,40.00 zł,649827605128,694,2022-08-25
Glans,L,Trawa cytrynowa,Sojowy,true,45.00 zł,846834758674,56,2022-12-21
Gryning,M,Fiołek,Sojowy,true,20.00 zł,456353234950,876,2022-11-02
Veke,S,Hiacynt,Sojowy,true,30.00 zł,373319434936,82,2023-07-05
Lägereld,S,Grejpfrut,Sojowy,true,30.00 zł,165772200776,657,2023-04-25
Takfönster,S,Trawa cytrynowa,Pszczeli,true,15.00 zł,272361682271,859,2023-07-03
Gryning,L,Jabłko-cynamon,Rzepakowy,true,30.00 zł,282058146428,586,2022-11-14
Veke,M,Jaśmin,Pszczeli,false,40.00 zł,907273897728,537,2023-05-30
Ljus,S,Sosna,Rzepakowy,false,10.00 zł,444674704498,830,2023-01-07
Gryning,M,Jabłko-cynamon,Parafinowy,false,20.00 zł,800362227126,275,2023-09-18
Takfönster,M,Lawenda,Pszczeli,true,25.00 zł,163969408479,836,2022-12-21
Veke,L,Jabłko-cynamon,Pszczeli,true,50.00 zł,864863246980,430,2023-08-28
Gryning,L,Świerk,Pszczeli,true,30.00 zł,886827943460,267,2022-08-25
Gryning,S,Jaśmin,Parafinowy,false,10.00 zł,627960410199,763,2022-11-02
Ljus,L,Hiacynt,Sojowy,false,30.00 zł,456671541987,636,2023-03-17
Gryning,M,Wanilia,Parafinowy,true,20.00 zł,667300717919,955,2022-08-06
Takfönster,L,Wanilia,Rzepakowy,false,35.00 zł,335498886328,55,2023-01-13
Glans,M,Jabłko-cynamon,Parafinowy,false,35.00 zł,681904608290,337,2022-12-20
Lykta,M,Pomarańcza-goździki,Sojowy,false,30.00 zł,715400158885,784,2023-07-10
Ljus,M,Grejpfrut,Sojowy,true,20.00 zł,730334892826,970,2022-12-08
Stjärna,L,Hiacynt,Parafinowy,true,60.00 zł,170988852654,836,2022-12-11
Lägereld,M,Świerk,Parafinowy,true,40.00 zł,850086489527,103,2023-03-11
Gryning,M,Mięta,Parafinowy,false,20.00 zł,557255061490,833,2022-08-19
Lykta,M,Wanilia,Pszczeli,false,30.00 zł,673432958158,161,2023-11-12
Gryning,M,Jaśmin,Rzepakowy,true,20.00 zł,867965140617,354,2023-07-31
Lykta,M,Mięta,Pszczeli,true,30.00 zł,244937718620,639,2023-08-01
Lägereld,M,Jaśmin,Rzepakowy,false,40.00 zł,185839049383,94,2023-07-09
Gryning,S,Grejpfrut,Parafinowy,false,10.00 zł,930641558710,390,2022-09-22
Lägereld,M,Jabłko-cynamon,Pszczeli,true,40.00 zł,802634045317,28,2023-04-22
Veke,L,Grejpfrut,Rzepakowy,false,50.00 zł,839300620730,802,2023-07-19
Veke,M,Mięta,Sojowy,false,40.00 zł,305686779526,659,2023-02-25
Lägereld,S,Trawa cytrynowa,Parafinowy,false,30.00 zł,125405913952,818,2022-08-02
Gryning,S,Wanilia,Pszczeli,true,10.00 zł,115044792446,885,2022-09-02
Glans,S,Mięta,Pszczeli,false,25.00 zł,150556120980,196,2023-01-18
Lägereld,S,Lawenda,Parafinowy,true,30.00 zł,312340625498,667,2023-01-25
Ljus,M,Lawenda,Sojowy,false,20.00 zł,716501968192,325,2022-12-26
Glans,L,Jabłko-cynamon,Pszczeli,true,45.00 zł,626651961240,893,2023-03-21
Ljus,M,Jabłko-cynamon,Rzepakowy,true,20.00 zł,386287402564,569,2023-01-24
Takfönster,M,Jabłko-cynamon,Parafinowy,true,25.00 zł,834448733073,312,2022-07-25
Stjärna,M,Grejpfrut,Pszczeli,false,50.00 zł,313496431275,852,2023-02-27
Glans,S,Wanilia,Rzepakowy,false,25.00 zł,812195307795,909,2022-10-25
Lykta,S,Jabłko-cynamon,Sojowy,true,20.00 zł,152538276284,155,2023-03-27
Lykta,L,Wanilia,Rzepakowy,true,40.00 zł,532814607447,928,2022-12-06
Lägereld,S,Hiacynt,Pszczeli,false,30.00 zł,611843893491,427,2023-04-11
Stjärna,M,Sosna,Rzepakowy,false,50.00 zł,818524228280,134,2023-07-27
Stjärna,M,Sosna,Pszczeli,false,50.00 zł,451185972794,344,2023-08-28
Lykta,M,Wanilia,Parafinowy,true,30.00 zł,028489509071,872,2023-05-06
Lykta,M,Trawa cytrynowa,Parafinowy,true,30.00 zł,507682747977,439,2023-06-29
Takfönster,L,Wanilia,Parafinowy,false,35.00 zł,284113356390,285,2022-08-29
Ljus,L,Kokos,Sojowy,false,30.00 zł,062117277787,54,2023-01-11
Lägereld,S,Świerk,Sojowy,true,30.00 zł,730664833096,196,2023-09-08
Glans,S,Hiacynt,Sojowy,true,25.00 zł,687674123093,408,2022-10-18
Lykta,S,Grejpfrut,Sojowy,true,20.00 zł,765477747592,799,2022-09-29
Lykta,M,Wanilia,Parafinowy,true,30.00 zł,840491161336,452,2023-09-12
Stjärna,S,Fiołek,Parafinowy,true,40.00 zł,765937397983,341,2023-05-01
Stjärna,L,Świerk,Pszczeli,false,60.00 zł,028414596979,579,2022-09-16
Ljus,S,Jaśmin,Rzepakowy,false,10.00 zł,193270302900,92,2022-11-08
Takfönster,S,Grejpfrut,Parafinowy,false,15.00 zł,716927032440,429,2022-09-28
Stjärna,M,Wanilia,Rzepakowy,false,50.00 zł,150822792262,856,2023-02-09
Gryning,L,Mięta,Pszczeli,false,30.00 zł,250067444755,780,2023-01-12
Glans,S,Jaśmin,Pszczeli,false,25.00 zł,620966422203,637,2023-01-29
Takfönster,M,Sosna,Parafinowy,false,25.00 zł,892185574703,301,2023-04-27
Lykta,M,Mięta,Sojowy,false,30.00 zł,603098159960,319,2022-11-04
Veke,S,Świerk,Parafinowy,true,30.00 zł,999714881801,660,2022-11-20
Ljus,S,Mięta,Pszczeli,true,10.00 zł,849348651766,537,2023-09-27
Glans,L,Sosna,Parafinowy,true,45.00 zł,123361346778,264,2023-09-16
Stjärna,M,Lawenda,Sojowy,true,50.00 zł,506382425155,548,2023-03-05
Glans,M,Fiołek,Parafinowy,true,35.00 zł,912238006029,224,2023-10-20
Lykta,S,Fiołek,Sojowy,true,20.00 zł,647749546263,539,2022-12-10
Lägereld,L,Hiacynt,Pszczeli,true,50.00 zł,726179650440,429,2022-08-19
Takfönster,M,Grejpfrut,Rzepakowy,false,25.00 zł,424716406372,560,2022-10-09
Glans,M,Hiacynt,Pszczeli,false,35.00 zł,295595182088,721,2023-04-24
Stjärna,L,Świerk,Rzepakowy,false,60.00 zł,768239337801,310,2022-09-14
Veke,M,Fiołek,Pszczeli,true,40.00 zł,238899042003,562,2022-08-27
Lägereld,M,Świerk,Rzepakowy,true,40.00 zł,609369171416,962,2023-02-13
Takfönster,M,Jabłko-cynamon,Sojowy,false,25.00 zł,758920007133,124,2023-02-04
Stjärna,L,Fiołek,Rzepakowy,false,60.00 zł,362352673216,553,2023-07-05
Lykta,M,Mięta,Sojowy,true,30.00 zł,100585164742,10,2023-01-04
Lägereld,S,Wanilia,Parafinowy,false,30.00 zł,987143486927,284,2022-12-01
Ljus,L,Jabłko-cynamon,Rzepakowy,false,30.00 zł,487420585387,215,2023-05-02
Lykta,L,Jabłko-cynamon,Pszczeli,false,40.00 zł,216317123772,741,2023-10-31
Gryning,M,Jabłko-cynamon,Pszczeli,true,20.00 zł,971139566744,697,2023-06-05
Glans,S,Jabłko-cynamon,Sojowy,true,25.00 zł,584161128619,211,2022-12-10
Lägereld,S,Lawenda,Sojowy,false,30.00 zł,208873704315,861,2022-11-05
Veke,L,Hiacynt,Rzepakowy,false,50.00 zł,817804444141,469,2023-05-24
Ljus,M,Świerk,Pszczeli,true,20.00 zł,038162136804,961,2023-11-21
Lykta,M,Hiacynt,Rzepakowy,false,30.00 zł,749238547160,342,2023-09-15
Lägereld,L,Sosna,Parafinowy,true,50.00 zł,713373615050,573,2023-05-26
Ljus,L,Pomarańcza-goździki,Pszczeli,true,30.00 zł,817936068457,275,2023-06-10
Glans,S,Trawa cytrynowa,Rzepakowy,false,25.00 zł,533569077914,761,2023-08-07
Takfönster,S,Lawenda,Parafinowy,false,15.00 zł,046663247318,524,2023-04-23
Takfönster,M,Mięta,Pszczeli,false,25.00 zł,517353687704,294,2022-09-06
Lägereld,S,Trawa cytrynowa,Rzepakowy,true,30.00 zł,865472421685,779,2022-11-23
Glans,S,Mięta,Rzepakowy,false,25.00 zł,334789498667,781,2022-12-24
Lykta,S,Wanilia,Pszczeli,true,20.00 zł,926375919289,209,2023-07-03
Lykta,L,Jabłko-cynamon,Pszczeli,true,40.00 zł,696379448368,381,2022-09-10
Stjärna,L,Lawenda,Sojowy,false,60.00 zł,430334967274,244,2023-05-18
Veke,L,Świerk,Rzepakowy,true,50.00 zł,753440285549,834,2023-07-08
Lägereld,L,Jaśmin,Parafinowy,true,50.00 zł,592388799559,868,2023-02-15
Lägereld,S,Grejpfrut,Sojowy,true,30.00 zł,183172762375,859,2023-06-13
Stjärna,M,Jaśmin,Parafinowy,true,50.00 zł,445298057514,167,2023-05-14
Takfönster,S,Jabłko-cynamon,Sojowy,false,15.00 zł,277049695614,401,2023-08-24
Ljus,S,Jabłko-cynamon,Parafinowy,true,10.00 zł,603385977015,879,2023-09-27
Glans,M,Fiołek,Parafinowy,true,35.00 zł,968221008998,871,2023-08-26
Veke,L,Grejpfrut,Pszczeli,true,50.00 zł,812039731576,898,2023-11-17
Gryning,L,Świerk,Pszczeli,true,30.00 zł,108321501058,480,2023-10-14
Takfönster,L,Kokos,Sojowy,true,35.00 zł,463076844095,244,2023-04-14
Lykta,M,Trawa cytrynowa,Parafinowy,true,30.00 zł,203588362652,646,2023-05-28
Veke,S,Trawa cytrynowa,Sojowy,false,30.00 zł,011792220563,191,2023-05-07
Veke,S,Trawa cytrynowa,Parafinowy,true,30.00 zł,238281620189,975,2022-08-28
Stjärna,S,Wanilia,Pszczeli,true,40.00 zł,020585710180,646,2022-11-28
Lägereld,L,Wanilia,Parafinowy,false,50.00 zł,349933476912,50,2023-08-10
Ljus,M,Trawa cytrynowa,Rzepakowy,true,20.00 zł,560639522527,122,2023-09-18
Gryning,M,Kokos,Pszczeli,true,20.00 zł,870785028023,254,2023-09-25
Veke,S,Lawenda,Parafinowy,false,30.00 zł,640535019973,799,2023-08-26
Veke,S,Świerk,Sojowy,true,30.00 zł,359707000416,818,2023-06-05
Ljus,L,Wanilia,Pszczeli,true,30.00 zł,667580965633,649,2023-07-07
Takfönster,M,Jaśmin,Sojowy,false,25.00 zł,043765775813,404,2023-08-19
Gryning,L,Sosna,Sojowy,false,30.00 zł,452120763759,904,2022-07-24
Gryning,L,Sosna,Parafinowy,false,30.00 zł,647220095239,977,2023-08-02
Gryning,M,Trawa cytrynowa,Sojowy,false,20.00 zł,204335057375,669,2023-01-05
Gryning,M,Kokos,Pszczeli,false,20.00 zł,486508978520,540,2023-07-23
Ljus,S,Pomarańcza-goździki,Parafinowy,true,10.00 zł,273420073769,625,2023-07-31
Takfönster,M,Jabłko-cynamon,Sojowy,true,25.00 zł,515997847325,296,2023-11-21
Stjärna,L,Mięta,Sojowy,true,60.00 zł,439501961017,963,2023-07-07
Stjärna,L,Jabłko-cynamon,Sojowy,true,60.00 zł,364358018481,61,2023-07-07
Veke,L,Jaśmin,Rzepakowy,false,50.00 zł,540815689365,904,2023-07-27
Gryning,M,Trawa cytrynowa,Sojowy,true,20.00 zł,714128024870,755,2023-12-01
Veke,M,Wanilia,Sojowy,false,40.00 zł,861067234442,375,2022-08-25
Takfönster,L,Wanilia,Sojowy,true,35.00 zł,391635917826,545,2023-09-07
Veke,M,Pomarańcza-goździki,Pszczeli,false,40.00 zł,949280507738,291,2023-12-03
Veke,S,Lawenda,Rzepakowy,true,30.00 zł,357362381925,284,2023-01-03
Ljus,M,Kokos,Sojowy,false,20.00 zł,876439609548,627,2023-11-13
Ljus,M,Pomarańcza-goździki,Parafinowy,false,20.00 zł,967855137461,263,2023-04-06
Ljus,M,Sosna,Pszczeli,true,20.00 zł,124269402224,400,2023-10-20
Glans,M,Jabłko-cynamon,Sojowy,false,35.00 zł,437925092588,121,2023-09-21
Veke,M,Mięta,Rzepakowy,false,40.00 zł,130147793971,328,2022-11-10
Veke,S,Hiacynt,Rzepakowy,true,30.00 zł,227968837150,779,2023-07-04
Lägereld,M,Świerk,Sojowy,true,40.00 zł,173176330074,388,2022-09-16
Stjärna,M,Mięta,Sojowy,true,50.00 zł,665741173354,28,2023-07-13
Stjärna,S,Mięta,Sojowy,false,40.00 zł,426189037052,379,2023-07-16
Glans,L,Fiołek,Sojowy,true,45.00 zł,865174931512,747,2022-11-16
Ljus,M,Mięta,Rzepakowy,false,20.00 zł,185072860178,429,2022-09-14
Ljus,L,Trawa cytrynowa,Parafinowy,true,30.00 zł,277763439882,372,2023-07-14
Lykta,S,Fiołek,Rzepakowy,false,20.00 zł,294802677534,794,2022-09-23
Glans,M,Jaśmin,Parafinowy,false,35.00 zł,818370545119,319,2022-11-18
Stjärna,L,Hiacynt,Sojowy,false,60.00 zł,330052309036,667,2023-06-11
Lykta,L,Trawa cytrynowa,Pszczeli,false,40.00 zł,469448081057,624,2023-10-25
Takfönster,M,Pomarańcza-goździki,Parafinowy,true,25.00 zł,152009748031,551,2022-09-21
Lykta,S,Lawenda,Sojowy,true,20.00 zł,629997617465,401,2023-05-28
Ljus,S,Świerk,Pszczeli,false,10.00 zł,655852249221,795,2023-09-30
Ljus,M,Grejpfrut,Sojowy,true,20.00 zł,692173047610,361,2023-05-04
Glans,L,Fiołek,Parafinowy,true,45.00 zł,226611515421,936,2023-10-17
Lykta,L,Hiacynt,Parafinowy,true,40.00 zł,908946587261,533,2023-04-15
Lykta,L,Hiacynt,Parafinowy,true,40.00 zł,015766922677,248,2023-04-12
Takfönster,M,Wanilia,Rzepakowy,false,25.00 zł,550470657928,440,2022-12-31
Gryning,L,Wanilia,Sojowy,true,30.00 zł,393085699431,212,2023-02-04
Gryning,M,Pomarańcza-goździki,Rzepakowy,false,20.00 zł,224516820404,721,2023-09-29
Ljus,L,Jabłko-cynamon,Parafinowy,true,30.00 zł,320662562908,128,2023-09-03
Takfönster,S,Świerk,Pszczeli,true,15.00 zł,085581390083,272,2023-03-10
Veke,M,Wanilia,Parafinowy,true,40.00 zł,294033816257,628,2022-09-18
Glans,M,Trawa cytrynowa,Rzepakowy,false,35.00 zł,144118662605,877,2023-02-07
Stjärna,M,Jabłko-cynamon,Sojowy,false,50.00 zł,149628964837,774,2023-09-01
Ljus,L,Pomarańcza-goździki,Parafinowy,false,30.00 zł,024171561218,424,2023-04-25
Ljus,M,Sosna,Pszczeli,false,20.00 zł,963146691026,748,2023-08-26
Ljus,M,Kokos,Rzepakowy,false,20.00 zł,570262505773,638,2023-08-30
Stjärna,M,Trawa cytrynowa,Parafinowy,true,50.00 zł,839498094064,764,2023-02-02
Stjärna,M,Lawenda,Pszczeli,false,50.00 zł,499706853822,288,2023-03-31
Takfönster,M,Pomarańcza-goździki,Sojowy,false,25.00 zł,967780688301,490,2022-12-29
Glans,M,Sosna,Sojowy,true,35.00 zł,134285233915,832,2023-09-10
Veke,M,Trawa cytrynowa,Pszczeli,true,40.00 zł,418755280210,114,2022-12-23
Glans,M,Jaśmin,Rzepakowy,true,35.00 zł,656812204131,606,2023-08-15
Gryning,L,Sosna,Sojowy,true,30.00 zł,932536469503,264,2022-11-09
Lägereld,S,Hiacynt,Sojowy,true,30.00 zł,667211815928,303,2022-09-23
Veke,M,Lawenda,Parafinowy,true,40.00 zł,971073366475,853,2022-12-24
Gryning,S,Hiacynt,Sojowy,false,10.00 zł,032919692875,759,2022-07-23
Lykta,L,Jaśmin,Sojowy,false,40.00 zł,261545698149,948,2022-09-29
Ljus,L,Sosna,Rzepakowy,true,30.00 zł,497723962097,678,2023-06-24
Gryning,M,Grejpfrut,Sojowy,false,20.00 zł,134973001805,765,2023-04-12
Lägereld,S,Lawenda,Parafinowy,true,30.00 zł,115211242523,573,2023-10-02
Gryning,S,Fiołek,Parafinowy,true,10.00 zł,598079820815,929,2022-09-19
Stjärna,S,Sosna,Pszczeli,false,40.00 zł,795935975787,962,2023-10-07
Stjärna,M,Mięta,Parafinowy,false,50.00 zł,781944794115,60,2022-08-13
Gryning,M,Kokos,Pszczeli,false,20.00 zł,756869961165,207,2023-10-26
Lägereld,S,Wanilia,Parafinowy,true,30.00 zł,337495671075,468,2023-09-23
Ljus,S,Wanilia,Parafinowy,true,10.00 zł,049554867818,765,2023-07-23
Ljus,S,Wanilia,Pszczeli,true,10.00 zł,313725163713,510,2022-08-25
Lykta,L,Trawa cytrynowa,Pszczeli,true,40.00 zł,492450346382,279,2023-04-30
Glans,S,Hiacynt,Pszczeli,true,25.00 zł,071749062487,261,2022-12-03
Lägereld,L,Wanilia,Rzepakowy,false,50.00 zł,985266801235,202,2023-08-13
Ljus,L,Fiołek,Parafinowy,false,30.00 zł,572918893990,544,2022-11-18
Stjärna,L,Wanilia,Parafinowy,true,60.00 zł,481226577260,906,2023-06-09
Ljus,M,Sosna,Parafinowy,false,20.00 zł,573714483473,465,2022-09-26
Takfönster,S,Jaśmin,Pszczeli,true,15.00 zł,083593141842,38,2022-09-04
Stjärna,S,Jabłko-cynamon,Rzepakowy,true,40.00 zł,586062605854,745,2023-04-20
Takfönster,M,Świerk,Rzepakowy,false,25.00 zł,472579719164,573,2022-09-18
Lykta,M,Jabłko-cynamon,Sojowy,true,30.00 zł,109652406412,954,2022-11-30
Lykta,M,Fiołek,Sojowy,false,30.00 zł,990446680498,208,2023-08-13
Veke,L,Mięta,Rzepakowy,false,50.00 zł,990281839387,743,2022-12-19
Ljus,S,Grejpfrut,Rzepakowy,true,10.00 zł,534712304644,603,2023-06-10
Lykta,M,Lawenda,Parafinowy,false,30.00 zł,213324804889,8,2022-07-25
Lägereld,M,Świerk,Parafinowy,true,40.00 zł,087475365847,332,2023-09-25
Gryning,M,Mięta,Rzepakowy,false,20.00 zł,395271763406,946,2023-10-05
Lägereld,L,Grejpfrut,Rzepakowy,false,50.00 zł,892652200801,460,2023-03-23
Takfönster,M,Świerk,Parafinowy,true,25.00 zł,042278227219,439,2022-10-22
Gryning,L,Jaśmin,Parafinowy,true,30.00 zł,315688284740,89,2023-10-05
Lykta,S,Grejpfrut,Sojowy,false,20.00 zł,618955531124,867,2023-05-17
Glans,M,Pomarańcza-goździki,Pszczeli,true,35.00 zł,233546133056,175,2023-10-26
Lykta,L,Mięta,Rzepakowy,false,40.00 zł,303497858582,783,2023-06-07
Ljus,L,Jabłko-cynamon,Parafinowy,false,30.00 zł,904466480692,536,2023-03-09
Gryning,S,Kokos,Pszczeli,true,10.00 zł,612712709748,838,2023-03-03
Lägereld,S,Kokos,Pszczeli,true,30.00 zł,539825493503,528,2022-10-12
Glans,S,Mięta,Rzepakowy,true,25.00 zł,193597423212,187,2023-05-22
Gryning,M,Fiołek,Parafinowy,true,20.00 zł,564330909623,772,2023-07-05
Takfönster,L,Wanilia,Parafinowy,true,35.00 zł,505103467017,33,2023-10-06
Veke,L,Mięta,Pszczeli,true,50.00 zł,083148330052,765,2023-10-10
Lägereld,L,Hiacynt,Parafinowy,false,50.00 zł,758950083470,753,2022-10-25
Lykta,M,Mięta,Pszczeli,true,30.00 zł,988122336544,485,2022-12-08
Lägereld,L,Mięta,Sojowy,false,50.00 zł,438365367990,455,2023-05-10
Takfönster,M,Sosna,Parafinowy,false,25.00 zł,874243539745,917,2022-12-06
Ljus,L,Kokos,Sojowy,false,30.00 zł,601523691226,95,2023-03-02
Ljus,M,Kokos,Pszczeli,true,20.00 zł,539276830526,867,2022-12-25
Veke,M,Hiacynt,Sojowy,false,40.00 zł,479095446880,993,2022-10-14
Glans,S,Kokos,Parafinowy,false,25.00 zł,875353621329,959,2022-10-01
Takfönster,L,Trawa cytrynowa,Parafinowy,false,35.00 zł,493091552198,661,2023-10-28
Gryning,S,Kokos,Sojowy,true,10.00 zł,270705555892,709,2023-06-18
Lägereld,M,Sosna,Rzepakowy,true,40.00 zł,275798497201,209,2022-10-27
Takfönster,M,Jabłko-cynamon,Rzepakowy,true,25.00 zł,094245823154,363,2023-05-08
Lägereld,M,Jabłko-cynamon,Parafinowy,false,40.00 zł,081694460528,982,2023-02-27
Stjärna,S,Wanilia,Sojowy,false,40.00 zł,004332400271,417,2023-04-22
Glans,M,Sosna,Pszczeli,true,35.00 zł,282286786257,356,2023-01-05
Ljus,M,Mięta,Rzepakowy,true,20.00 zł,803670699454,902,2023-06-20
Glans,M,Wanilia,Pszczeli,true,35.00 zł,026209048605,178,2023-03-09
Veke,M,Świerk,Parafinowy,false,40.00 zł,083995660023,294,2023-11-22
Gryning,L,Hiacynt,Parafinowy,false,30.00 zł,635283179601,61,2022-08-15
Takfönster,M,Jabłko-cynamon,Rzepakowy,true,25.00 zł,999093540617,184,2023-07-02
Glans,S,Fiołek,Sojowy,false,25.00 zł,488722175476,756,2023-03-23
Veke,M,Hiacynt,Pszczeli,false,40.00 zł,561520722016,451,2023-11-29
Gryning,M,Lawenda,Sojowy,false,20.00 zł,789898715574,943,2022-12-20
Veke,M,Lawenda,Parafinowy,false,40.00 zł,688339779144,321,2023-10-21
Stjärna,M,Sosna,Pszczeli,false,50.00 zł,369361165706,147,2022-10-08
Lägereld,M,Trawa cytrynowa,Parafinowy,false,40.00 zł,239868237027,877,2023-06-18
Stjärna,L,Jabłko-cynamon,Sojowy,false,60.00 zł,311376364153,439,2022-09-19
Gryning,S,Kokos,Parafinowy,false,10.00 zł,273943786702,410,2023-01-20
Stjärna,L,Hiacynt,Pszczeli,false,60.00 zł,121537088601,513,2023-10-27
Glans,M,Trawa cytrynowa,Rzepakowy,false,35.00 zł,779899474590,880,2023-05-23
Ljus,M,Mięta,Parafinowy,true,20.00 zł,989707339875,513,2023-05-23
Veke,M,Hiacynt,Rzepakowy,true,40.00 zł,645495131410,675,2023-09-20
Stjärna,M,Lawenda,Sojowy,true,50.00 zł,573243791279,617,2022-10-14
Takfönster,M,Mięta,Sojowy,false,25.00 zł,031445567103,820,2023-05-08
Gryning,M,Jabłko-cynamon,Parafinowy,false,20.00 zł,716398260509,282,2022-12-10
Gryning,M,Wanilia,Parafinowy,true,20.00 zł,262883759491,720,2022-09-30
Ljus,L,Lawenda,Pszczeli,false,30.00 zł,325928798038,793,2023-07-12
Lykta,L,Kokos,Sojowy,true,40.00 zł,557581707236,391,2022-12-13
Stjärna,M,Jaśmin,Sojowy,true,50.00 zł,611827697011,961,2023-11-15
Ljus,M,Hiacynt,Sojowy,true,20.00 zł,906006368953,542,2023-06-23
Lägereld,S,Lawenda,Pszczeli,false,30.00 zł,981026144542,300,2022-09-13
Gryning,M,Trawa cytrynowa,Pszczeli,false,20.00 zł,294864765067,106,2023-08-05
Lykta,L,Hiacynt,Sojowy,false,40.00 zł,045740393197,744,2023-11-15
Veke,L,Świerk,Rzepakowy,false,50.00 zł,105989671654,924,2022-09-11
Lägereld,M,Świerk,Parafinowy,false,40.00 zł,840604513984,430,2023-04-29
Ljus,M,Sosna,Rzepakowy,false,20.00 zł,029629557090,777,2023-05-07
Gryning,S,Grejpfrut,Sojowy,true,10.00 zł,864718660165,181,2023-01-18
Glans,L,Mięta,Pszczeli,false,45.00 zł,394872379878,608,2023-02-11
Lägereld,S,Jaśmin,Pszczeli,false,30.00 zł,099120683877,948,2023-10-31
Takfönster,M,Mięta,Parafinowy,true,25.00 zł,205058136682,224,2022-12-27
Ljus,M,Pomarańcza-goździki,Rzepakowy,false,20.00 zł,160313539494,850,2022-12-07
Ljus,L,Grejpfrut,Parafinowy,true,30.00 zł,560022426218,405,2023-11-05
Gryning,L,Jaśmin,Parafinowy,false,30.00 zł,385243240725,225,2022-11-28
Gryning,L,Fiołek,Rzepakowy,true,30.00 zł,677910535369,189,2023-11-13
Lägereld,M,Pomarańcza-goździki,Rzepakowy,true,40.00 zł,188237600754,801,2023-10-03
Takfönster,S,Trawa cytrynowa,Parafinowy,true,15.00 zł,708249059170,624,2023-05-14
Lägereld,L,Sosna,Parafinowy,true,50.00 zł,259239158087,68,2022-12-28
Lägereld,S,Mięta,Sojowy,true,30.00 zł,241439999969,544,2022-10-17
Lägereld,L,Sosna,Parafinowy,true,50.00 zł,909996879996,886,2023-06-17
Takfönster,S,Jaśmin,Pszczeli,false,15.00 zł,504040291818,180,2023-03-27
Lägereld,L,Kokos,Sojowy,true,50.00 zł,082171317367,897,2023-11-16
Lykta,M,Sosna,Pszczeli,true,30.00 zł,372328389785,783,2022-08-05
Lägereld,L,Wanilia,Pszczeli,false,50.00 zł,452941656785,231,2023-10-13
Gryning,L,Jabłko-cynamon,Pszczeli,true,30.00 zł,361266884850,220,2022-10-19
Lykta,M,Grejpfrut,Pszczeli,true,30.00 zł,104582616474,734,2023-04-30
Ljus,M,Kokos,Rzepakowy,true,20.00 zł,302557494146,797,2023-02-16
Stjärna,M,Kokos,Rzepakowy,false,50.00 zł,177857154110,507,2023-11-30
Gryning,M,Jaśmin,Rzepakowy,false,20.00 zł,532898694004,154,2023-05-11
Ljus,M,Pomarańcza-goździki,Sojowy,true,20.00 zł,054111858617,17,2022-09-03
Takfönster,M,Trawa cytrynowa,Parafinowy,true,25.00 zł,233888776694,546,2023-05-21
Lägereld,L,Trawa cytrynowa,Pszczeli,true,50.00 zł,909176489529,407,2023-03-09
Gryning,L,Mięta,Sojowy,true,30.00 zł,799020753081,20,2023-02-18
Veke,M,Lawenda,Rzepakowy,false,40.00 zł,373870118089,895,2023-02-23
Gryning,S,Lawenda,Parafinowy,true,10.00 zł,847039627010,272,2023-07-01
Lägereld,M,Trawa cytrynowa,Parafinowy,true,40.00 zł,254734868082,400,2022-11-28
Stjärna,M,Pomarańcza-goździki,Parafinowy,false,50.00 zł,337155159082,636,2022-12-20
Gryning,L,Trawa cytrynowa,Sojowy,true,30.00 zł,858786424902,966,2022-10-09
Lägereld,L,Hiacynt,Sojowy,false,50.00 zł,626541373113,117,2022-09-14
Stjärna,M,Jaśmin,Pszczeli,false,50.00 zł,433193057216,879,2023-04-29
Glans,M,Kokos,Sojowy,false,35.00 zł,979032099817,789,2022-12-10
Lägereld,L,Świerk,Sojowy,false,50.00 zł,818879977909,474,2023-01-29
Lykta,S,Kokos,Parafinowy,true,20.00 zł,296927281073,672,2023-03-14
Stjärna,L,Hiacynt,Sojowy,false,60.00 zł,026038333971,402,2023-02-09
Ljus,M,Trawa cytrynowa,Parafinowy,false,20.00 zł,843848476532,168,2023-10-29
Lägereld,L,Grejpfrut,Pszczeli,false,50.00 zł,852621367980,406,2022-10-03
Takfönster,L,Kokos,Rzepakowy,true,35.00 zł,358472512726,733,2023-02-07
Stjärna,M,Grejpfrut,Parafinowy,true,50.00 zł,082815919791,141,2023-08-25
Ljus,S,Lawenda,Rzepakowy,true,10.00 zł,830182552746,119,2023-10-16
Glans,M,Kokos,Parafinowy,true,35.00 zł,943808230305,712,2023-09-15
Gryning,L,Grejpfrut,Rzepakowy,true,30.00 zł,084500775532,560,2023-03-12
Veke,M,Mięta,Parafinowy,false,40.00 zł,323710591118,157,2023-03-07
Veke,S,Hiacynt,Pszczeli,true,30.00 zł,058563533655,136,2023-06-30
Takfönster,M,Wanilia,Parafinowy,true,25.00 zł,979015874850,800,2022-09-02
Glans,M,Wanilia,Rzepakowy,true,35.00 zł,361125544066,105,2023-06-26
Lägereld,M,Jabłko-cynamon,Pszczeli,true,40.00 zł,690035830093,523,2023-10-23
Ljus,M,Pomarańcza-goździki,Pszczeli,true,20.00 zł,585818649513,294,2023-09-21
Lägereld,M,Fiołek,Parafinowy,false,40.00 zł,012963625025,598,2023-03-02
Veke,L,Mięta,Parafinowy,false,50.00 zł,198401467732,440,2023-10-24
Glans,M,Kokos,Sojowy,true,35.00 zł,322492630852,528,2023-11-28
Gryning,M,Pomarańcza-goździki,Pszczeli,true,20.00 zł,947060316517,240,2023-11-05
Gryning,M,Jabłko-cynamon,Rzepakowy,true,20.00 zł,947363102328,174,2023-08-15
Stjärna,M,Hiacynt,Rzepakowy,true,50.00 zł,370073230037,527,2022-07-28
Ljus,M,Sosna,Rzepakowy,true,20.00 zł,524142210731,817,2023-09-06
Ljus,L,Mięta,Pszczeli,false,30.00 zł,482779508108,305,2022-11-27
Takfönster,M,Pomarańcza-goździki,Pszczeli,true,25.00 zł,598126334069,871,2023-11-27
Lägereld,S,Mięta,Sojowy,true,30.00 zł,286276554125,187,2023-11-15
Veke,L,Fiołek,Parafinowy,true,50.00 zł,498088427606,663,2023-01-21
Glans,S,Jaśmin,Parafinowy,true,25.00 zł,053591085518,368,2023-02-13
Ljus,L,Lawenda,Rzepakowy,true,30.00 zł,509639212892,70,2023-07-26
Gryning,L,Jaśmin,Parafinowy,true,30.00 zł,876985381897,8,2022-12-15
Takfönster,S,Sosna,Sojowy,false,15.00 zł,387073910768,77,2023-05-06
Lykta,M,Mięta,Sojowy,true,30.00 zł,881756131507,159,2023-11-01
Stjärna,L,Mięta,Sojowy,false,60.00 zł,762188007044,51,2022-12-13
Veke,M,Sosna,Rzepakowy,true,40.00 zł,775806292466,600,2023-08-27
Lykta,M,Mięta,Sojowy,true,30.00 zł,010328165173,251,2023-12-03
Lägereld,L,Hiacynt,Sojowy,false,50.00 zł,960750887087,12,2022-10-11
Gryning,M,Świerk,Sojowy,true,20.00 zł,484728874669,783,2023-06-24
Ljus,M,Lawenda,Pszczeli,true,20.00 zł,409359811023,528,2023-09-20
Lägereld,L,Trawa cytrynowa,Pszczeli,false,50.00 zł,276575290718,175,2022-09-23
Lykta,L,Wanilia,Pszczeli,false,40.00 zł,582511975059,66,2022-11-24
Gryning,M,Mięta,Sojowy,false,20.00 zł,276186969771,480,2022-11-06
Ljus,L,Jabłko-cynamon,Parafinowy,false,30.00 zł,326226117597,977,2023-08-11
Lykta,L,Kokos,Rzepakowy,true,40.00 zł,274486098939,257,2022-08-28
Lägereld,M,Pomarańcza-goździki,Pszczeli,false,40.00 zł,615789050358,330,2023-10-09
Ljus,L,Grejpfrut,Sojowy,true,30.00 zł,314716674562,580,2022-09-13
Ljus,M,Mięta,Pszczeli,false,20.00 zł,466429323099,623,2023-07-19
Veke,M,Jaśmin,Parafinowy,true,40.00 zł,260116369940,925,2023-09-13
Gryning,L,Grejpfrut,Sojowy,true,30.00 zł,017863371633,438,2023-05-06
Gryning,M,Trawa cytrynowa,Pszczeli,false,20.00 zł,168068462194,989,2023-06-21
Gryning,M,Sosna,Parafinowy,false,20.00 zł,140418817863,527,2023-10-27
Gryning,S,Trawa cytrynowa,Pszczeli,true,10.00 zł,150493127924,12,2023-04-04
Stjärna,M,Fiołek,Parafinowy,false,50.00 zł,600849398432,200,2023-01-27
Gryning,L,Wanilia,Parafinowy,false,30.00 zł,059888897083,108,2022-12-23
Veke,S,Trawa cytrynowa,Sojowy,true,30.00 zł,964556940936,420,2023-01-21
Stjärna,M,Jabłko-cynamon,Rzepakowy,true,50.00 zł,772481408263,120,2022-08-11
Veke,L,Mięta,Rzepakowy,false,50.00 zł,271111902929,658,2023-11-16
Lykta,L,Wanilia,Parafinowy,true,40.00 zł,706875411651,899,2022-12-31
Ljus,L,Wanilia,Pszczeli,false,30.00 zł,650858480711,467,2023-05-09
Stjärna,S,Trawa cytrynowa,Pszczeli,true,40.00 zł,881133673199,839,2023-06-06
Veke,M,Jabłko-cynamon,Rzepakowy,true,40.00 zł,206776982786,523,2023-02-07
Lägereld,S,Mięta,Rzepakowy,false,30.00 zł,747244655464,106,2022-12-22
Takfönster,M,Kokos,Rzepakowy,true,25.00 zł,733960426931,993,2022-09-09
Veke,M,Sosna,Pszczeli,true,40.00 zł,131767931463,42,2022-09-20
Gryning,M,Grejpfrut,Rzepakowy,true,20.00 zł,929464084915,374,2023-07-19
Glans,M,Jabłko-cynamon,Pszczeli,false,35.00 zł,501977679290,188,2023-10-29
Glans,M,Hiacynt,Rzepakowy,true,35.00 zł,860351942178,634,2022-12-25
Takfönster,S,Pomarańcza-goździki,Sojowy,false,15.00 zł,034487828715,519,2022-10-25
Takfönster,M,Kokos,Rzepakowy,false,25.00 zł,827392433656,528,2022-12-25
Glans,S,Grejpfrut,Sojowy,true,25.00 zł,301533339519,745,2023-09-27
Lägereld,L,Kokos,Sojowy,false,50.00 zł,345827388549,987,2023-02-08
Lägereld,L,Kokos,Sojowy,false,50.00 zł,907092926214,686,2023-07-07
Glans,S,Grejpfrut,Pszczeli,true,25.00 zł,319396640008,917,2023-01-08
Stjärna,L,Hiacynt,Rzepakowy,false,60.00 zł,586915068173,152,2023-06-22
Lykta,M,Jabłko-cynamon,Parafinowy,true,30.00 zł,372665148996,879,2023-01-02
Lykta,L,Grejpfrut,Sojowy,true,40.00 zł,708042673341,662,2023-02-04
Lykta,L,Wanilia,Sojowy,true,40.00 zł,530933757840,109,2023-01-09
Lägereld,S,Wanilia,Parafinowy,false,30.00 zł,913561681947,643,2023-03-24
Gryning,L,Kokos,Pszczeli,false,30.00 zł,413338204204,933,2022-11-14
Veke,L,Fiołek,Sojowy,false,50.00 zł,100726947992,809,2022-08-20
Glans,M,Mięta,Rzepakowy,false,35.00 zł,591345282736,88,2023-09-04
Stjärna,M,Jaśmin,Sojowy,false,50.00 zł,238318432120,701,2023-11-03
Lägereld,M,Jaśmin,Sojowy,false,40.00 zł,630328525854,535,2023-06-17
Stjärna,S,Lawenda,Parafinowy,true,40.00 zł,554424875384,207,2023-02-28
Lägereld,M,Trawa cytrynowa,Rzepakowy,false,40.00 zł,775400340402,429,2023-10-06
Lykta,S,Hiacynt,Pszczeli,true,20.00 zł,073982292476,534,2022-07-27
Ljus,M,Sosna,Pszczeli,true,20.00 zł,046364046663,388,2023-03-13
Ljus,M,Grejpfrut,Rzepakowy,false,20.00 zł,635339620561,272,2022-12-20
Ljus,L,Mięta,Pszczeli,false,30.00 zł,058442786005,152,2022-09-24
Glans,M,Trawa cytrynowa,Pszczeli,true,35.00 zł,847848550746,569,2022-08-07
Gryning,M,Jabłko-cynamon,Rzepakowy,true,20.00 zł,227550671254,223,2023-06-03
Stjärna,L,Mięta,Parafinowy,true,60.00 zł,843182027100,541,2023-12-02
Lägereld,S,Świerk,Parafinowy,false,30.00 zł,805608712454,410,2023-09-02
Takfönster,L,Kokos,Rzepakowy,true,35.00 zł,790715728146,724,2023-06-09
Gryning,M,Jabłko-cynamon,Rzepakowy,true,20.00 zł,107449575473,23,2022-08-30
Veke,M,Świerk,Pszczeli,true,40.00 zł,080360476359,380,2023-10-21
Ljus,M,Wanilia,Sojowy,false,20.00 zł,598144389146,764,2022-12-01
Takfönster,M,Trawa cytrynowa,Parafinowy,true,25.00 zł,417843958808,961,2022-08-24
Takfönster,M,Lawenda,Parafinowy,true,25.00 zł,739150132113,546,2023-02-18
Lägereld,L,Mięta,Rzepakowy,false,50.00 zł,738405683564,551,2023-03-22
Takfönster,L,Wanilia,Pszczeli,true,35.00 zł,867240993962,275,2023-05-01
Lägereld,L,Świerk,Pszczeli,false,50.00 zł,875695099660,238,2023-03-04
Veke,M,Jaśmin,Parafinowy,false,40.00 zł,049617244233,541,2022-08-07
Gryning,M,Lawenda,Sojowy,false,20.00 zł,885207890029,368,2022-11-07
Takfönster,L,Kokos,Rzepakowy,false,35.00 zł,360259410421,609,2023-08-28
Lägereld,S,Pomarańcza-goździki,Parafinowy,false,30.00 zł,975468881669,384,2023-11-19
Veke,L,Jabłko-cynamon,Sojowy,true,50.00 zł,781915702589,328,2023-05-26
Veke,L,Sosna,Parafinowy,false,50.00 zł,155068992969,624,2023-12-01
Lägereld,M,Grejpfrut,Sojowy,true,40.00 zł,545339742194,573,2023-02-19
Glans,L,Kokos,Pszczeli,true,45.00 zł,221936326859,37,2022-10-18
