model,wielkosc,zapach,dostepnosc,cena,kod,iloscsprzedanych,dataostatniejsprzedazy
Gryning,L,Sosna,true,30.00 zł,898144922693,131,2022-08-06
Gryning,L,Grejpfrut,true,30.00 zł,294639284175,331,2023-10-25
Lykta,L,Sosna,false,40.00 zł,381920388539,406,2022-09-26
Stjärna,M,Lawenda,true,50.00 zł,885109721308,583,2023-05-18
Gryning,M,Pomarańcza-goździki,true,20.00 zł,228948825538,26,2022-10-31
Takfönster,S,Wanilia,false,15.00 zł,672930353099,747,2022-08-21
Takfönster,L,Grejpfrut,true,35.00 zł,755448003229,753,2023-09-24
Glans,M,Mięta,true,35.00 zł,473656751969,178,2022-10-08
Ljus,L,Kokos,true,30.00 zł,013787213854,887,2023-06-14
Takfönster,L,Pomarańcza-goździki,true,35.00 zł,691064720944,870,2023-05-26
Lägereld,S,Wanilia,true,30.00 zł,762595254985,737,2023-10-15
Lägereld,S,Sosna,false,30.00 zł,778148613548,856,2022-12-31
Stjärna,S,Jaśmin,false,40.00 zł,631290249651,958,2022-09-24
Gryning,M,Grejpfrut,true,20.00 zł,969091344874,290,2023-05-08
Lykta,M,Wanilia,true,30.00 zł,537912104337,483,2022-08-28
Lykta,L,Wanilia,false,40.00 zł,195127120919,480,2023-04-24
Takfönster,M,Pomarańcza-goździki,false,25.00 zł,455100138469,816,2023-01-31
Gryning,L,Kokos,false,30.00 zł,351713197934,690,2023-03-09
Veke,M,Wanilia,false,40.00 zł,143012353893,819,2022-10-14
Takfönster,S,Wanilia,true,15.00 zł,462167222255,404,2022-08-17
Ljus,M,Grejpfrut,true,20.00 zł,921886053814,550,2023-02-08
Ljus,M,Pomarańcza-goździki,true,20.00 zł,612342088675,210,2022-11-23
Takfönster,L,Lawenda,true,35.00 zł,043652713360,57,2022-08-30
Gryning,M,Sosna,false,20.00 zł,783700339339,577,2022-09-03
Stjärna,M,Mięta,false,50.00 zł,716015657780,65,2023-03-11
Lykta,S,Mięta,false,20.00 zł,898083635270,489,2023-08-19
Takfönster,M,Sosna,true,25.00 zł,672865758744,40,2023-08-14
Lägereld,L,Hiacynt,false,50.00 zł,352106597462,102,2022-07-23
Gryning,M,Grejpfrut,true,20.00 zł,646026386745,754,2023-05-13
Glans,S,Świerk,true,25.00 zł,134189999486,215,2023-08-20
Gryning,L,Grejpfrut,false,30.00 zł,076822043454,989,2023-03-27
Takfönster,S,Trawa cytrynowa,true,15.00 zł,740979000619,517,2023-09-26
Veke,M,Świerk,false,40.00 zł,541231483084,91,2023-01-25
Lykta,L,Pomarańcza-goździki,true,40.00 zł,388516753640,242,2023-01-10
Veke,L,Jaśmin,true,50.00 zł,119695346943,840,2023-07-06
Ljus,L,Kokos,false,30.00 zł,246599490748,465,2023-04-21
Ljus,M,Lawenda,false,20.00 zł,724168287497,555,2023-07-08
Ljus,S,Lawenda,true,10.00 zł,258271475597,163,2022-11-22
Veke,L,Lawenda,false,50.00 zł,270155092330,482,2023-09-25
Lägereld,M,Hiacynt,true,40.00 zł,881013183829,554,2022-09-15
Stjärna,S,Trawa cytrynowa,false,40.00 zł,986212795680,630,2023-03-26
Gryning,M,Grejpfrut,false,20.00 zł,018257842005,31,2023-11-20
Glans,M,Jabłko-cynamon,true,35.00 zł,045927194159,790,2023-10-03
Lägereld,L,Lawenda,true,50.00 zł,624484856493,889,2022-11-11
Veke,S,Kokos,true,30.00 zł,492707011104,409,2022-12-14
Lykta,S,Świerk,false,20.00 zł,277148280509,445,2023-03-21
Gryning,L,Świerk,false,30.00 zł,203013094305,486,2022-09-27
Lykta,M,Hiacynt,false,30.00 zł,173638609473,975,2022-10-26
Ljus,M,Kokos,false,20.00 zł,576646280052,234,2022-09-22
Takfönster,L,Sosna,true,35.00 zł,753636943824,689,2023-04-27
Lägereld,S,Świerk,true,30.00 zł,442654845685,834,2022-08-22
Stjärna,M,Fiołek,false,50.00 zł,921798337355,519,2022-09-10
Stjärna,S,Pomarańcza-goździki,true,40.00 zł,479648846922,80,2022-09-05
Stjärna,L,Sosna,false,60.00 zł,362609410059,334,2023-02-06
Takfönster,M,Hiacynt,false,25.00 zł,741687987086,219,2023-11-03
Takfönster,M,Pomarańcza-goździki,false,25.00 zł,336858204453,691,2023-07-22
Veke,S,Trawa cytrynowa,true,30.00 zł,634622536525,932,2023-10-12
Gryning,L,Fiołek,true,30.00 zł,182057061409,667,2023-01-26
Stjärna,S,Mięta,true,40.00 zł,335920972068,451,2023-01-31
Glans,M,Mięta,false,35.00 zł,234557940575,49,2022-11-22
Gryning,S,Jaśmin,true,10.00 zł,297752233858,664,2023-07-01
Veke,M,Świerk,true,40.00 zł,632571226053,833,2022-08-26
Lägereld,L,Mięta,false,50.00 zł,338664072974,38,2023-07-28
Stjärna,M,Wanilia,false,50.00 zł,195633129891,574,2023-09-03
Lägereld,S,Jaśmin,false,30.00 zł,495364761672,322,2023-11-23
Glans,M,Kokos,false,35.00 zł,532777200608,741,2023-06-11
Stjärna,M,Jaśmin,false,50.00 zł,363452563878,1,2023-03-17
Veke,M,Wanilia,true,40.00 zł,696639334581,950,2022-10-12
Ljus,M,Trawa cytrynowa,true,20.00 zł,628188756973,402,2023-10-16
Lägereld,S,Fiołek,true,30.00 zł,862297047610,968,2022-08-16
Stjärna,L,Świerk,false,60.00 zł,874203076660,445,2023-09-01
Glans,M,Jaśmin,true,35.00 zł,592026267997,580,2023-01-06
Lykta,S,Mięta,false,20.00 zł,541611634275,407,2023-05-14
Ljus,S,Sosna,true,10.00 zł,763468735427,366,2023-03-28
Glans,M,Świerk,false,35.00 zł,934668021649,139,2022-09-17
Glans,M,Grejpfrut,true,35.00 zł,953251905289,727,2023-05-13
Glans,M,Mięta,true,35.00 zł,181918362398,883,2023-03-30
Stjärna,M,Świerk,false,50.00 zł,839183098692,707,2022-09-20
Lykta,L,Lawenda,false,40.00 zł,072544809448,110,2022-12-07
Lägereld,M,Hiacynt,true,40.00 zł,801614757394,865,2023-10-16
Stjärna,M,Mięta,true,50.00 zł,089286443148,792,2023-04-04
Takfönster,L,Jaśmin,false,35.00 zł,284497044473,574,2022-09-18
Veke,M,Mięta,false,40.00 zł,558925749945,298,2022-10-18
Lägereld,L,Sosna,true,50.00 zł,704204036242,841,2023-05-26
Gryning,M,Lawenda,false,20.00 zł,308348906577,204,2023-09-20
Lägereld,L,Lawenda,true,50.00 zł,308236600496,22,2022-12-27
Takfönster,S,Hiacynt,true,15.00 zł,405992897740,578,2023-04-08
Takfönster,M,Lawenda,false,25.00 zł,801731020654,220,2023-10-01
Gryning,S,Świerk,true,10.00 zł,058081659608,181,2023-04-04
Glans,S,Kokos,false,25.00 zł,894493669307,328,2023-07-28
Stjärna,S,Trawa cytrynowa,true,40.00 zł,287330581800,692,2023-03-30
Stjärna,S,Hiacynt,true,40.00 zł,612967339926,894,2023-04-20
Lägereld,S,Grejpfrut,false,30.00 zł,690645082000,6,2022-12-20
Lägereld,L,Trawa cytrynowa,false,50.00 zł,535253831680,902,2023-05-23
Lykta,S,Trawa cytrynowa,true,20.00 zł,537677393945,207,2022-07-19
Veke,L,Mięta,true,50.00 zł,272503223885,766,2023-01-31
Stjärna,S,Sosna,true,40.00 zł,890094975892,777,2022-09-21
Takfönster,M,Wanilia,true,25.00 zł,792169364985,149,2022-09-14
Stjärna,S,Mięta,true,40.00 zł,928979206901,143,2023-01-28
Gryning,M,Trawa cytrynowa,false,20.00 zł,876964558046,282,2023-05-10
Lägereld,S,Fiołek,false,30.00 zł,440814798044,321,2023-03-16
Ljus,M,Grejpfrut,true,20.00 zł,958463724780,376,2023-03-21
Takfönster,L,Trawa cytrynowa,false,35.00 zł,954679248656,80,2023-07-26
Lykta,S,Hiacynt,false,20.00 zł,710342882496,708,2023-07-25
Stjärna,S,Lawenda,false,40.00 zł,876700600415,454,2023-10-03
Gryning,M,Lawenda,true,20.00 zł,189735298377,204,2022-10-24
Gryning,S,Hiacynt,false,10.00 zł,423035949926,386,2023-06-17
Glans,S,Fiołek,true,25.00 zł,565169727843,566,2023-06-29
Ljus,S,Świerk,false,10.00 zł,504411376940,327,2023-02-12
Lykta,L,Fiołek,false,40.00 zł,943431264948,977,2023-08-31
Gryning,S,Mięta,false,10.00 zł,839187290540,624,2022-09-18
Takfönster,M,Świerk,false,25.00 zł,328954665153,418,2022-11-02
Glans,L,Hiacynt,false,45.00 zł,051882727409,316,2023-08-25
Ljus,M,Grejpfrut,false,20.00 zł,678327345874,123,2023-07-20
Gryning,S,Jabłko-cynamon,true,10.00 zł,513550036711,945,2023-10-02
Lykta,S,Grejpfrut,false,20.00 zł,073756484099,52,2022-10-07
Stjärna,S,Jaśmin,true,40.00 zł,861197054989,500,2023-08-28
Gryning,S,Jabłko-cynamon,true,10.00 zł,551315865381,353,2023-03-10
Stjärna,L,Wanilia,false,60.00 zł,499210753805,718,2023-10-12
Lägereld,M,Świerk,false,40.00 zł,622705394823,80,2022-08-29
Glans,L,Hiacynt,true,45.00 zł,358999525953,826,2023-08-30
Ljus,S,Pomarańcza-goździki,true,10.00 zł,999380348763,204,2023-08-18
Ljus,M,Fiołek,false,20.00 zł,832353789185,885,2022-09-04
Gryning,L,Grejpfrut,true,30.00 zł,111751784923,837,2023-03-30
Veke,S,Mięta,false,30.00 zł,633004021898,52,2023-08-16
Veke,L,Świerk,false,50.00 zł,969827556568,470,2023-05-18
Takfönster,L,Lawenda,true,35.00 zł,148391135670,54,2023-10-29
Glans,M,Mięta,true,35.00 zł,466445088289,512,2022-10-01
Veke,M,Grejpfrut,false,40.00 zł,522674388173,881,2023-07-10
Lykta,S,Fiołek,true,20.00 zł,407906392588,838,2022-11-21
Stjärna,S,Kokos,true,40.00 zł,902108143833,26,2022-12-28
Ljus,S,Lawenda,false,10.00 zł,322773940802,87,2023-05-03
Lägereld,M,Świerk,false,40.00 zł,068533666326,7,2023-09-02
Stjärna,S,Lawenda,false,40.00 zł,669365910484,719,2023-04-30
Ljus,L,Pomarańcza-goździki,true,30.00 zł,576793140235,212,2023-06-25
Lykta,M,Hiacynt,false,30.00 zł,149866372204,185,2022-08-09
Glans,L,Wanilia,true,45.00 zł,541044922331,891,2023-08-13
Takfönster,M,Lawenda,true,25.00 zł,753990275155,985,2023-11-02
Lykta,S,Grejpfrut,true,20.00 zł,878953941903,265,2023-11-05
Gryning,L,Fiołek,false,30.00 zł,819957938674,103,2023-01-06
Lägereld,M,Jaśmin,true,40.00 zł,292465283522,411,2023-10-02
Stjärna,M,Lawenda,false,50.00 zł,157404439121,589,2022-08-26
Veke,L,Mięta,true,50.00 zł,314318364106,873,2022-07-28
Veke,M,Grejpfrut,true,40.00 zł,955441210990,873,2022-10-23
Gryning,L,Lawenda,false,30.00 zł,403453914043,104,2023-11-02
Takfönster,S,Fiołek,true,15.00 zł,094708585189,973,2023-04-21
Stjärna,S,Mięta,true,40.00 zł,529125248353,104,2022-12-25
Ljus,S,Sosna,false,10.00 zł,962035468175,658,2022-09-23
Takfönster,M,Hiacynt,false,25.00 zł,561978516595,490,2022-11-26
Veke,L,Pomarańcza-goździki,true,50.00 zł,906991962670,636,2022-09-11
Ljus,L,Mięta,false,30.00 zł,399463625091,502,2023-06-30
Takfönster,S,Kokos,true,15.00 zł,668366215408,878,2023-03-07
Ljus,M,Jabłko-cynamon,true,20.00 zł,283760573843,222,2023-07-12
Stjärna,S,Kokos,true,40.00 zł,041988073136,650,2023-06-10
Stjärna,M,Jaśmin,false,50.00 zł,855695224429,897,2023-07-14
Takfönster,M,Hiacynt,false,25.00 zł,145426494659,40,2022-08-23
Veke,S,Grejpfrut,true,30.00 zł,559094478868,744,2023-01-06
Ljus,M,Mięta,true,20.00 zł,836301240016,402,2023-09-02
Stjärna,M,Trawa cytrynowa,true,50.00 zł,005746161920,554,2023-08-03
Takfönster,L,Fiołek,false,35.00 zł,881228969425,924,2023-04-01
Takfönster,L,Świerk,true,35.00 zł,058567493662,255,2022-09-22
Glans,M,Pomarańcza-goździki,false,35.00 zł,461568584958,895,2023-08-04
Glans,S,Fiołek,false,25.00 zł,066006195876,454,2022-10-01
Glans,M,Trawa cytrynowa,true,35.00 zł,523197120786,903,2022-10-15
Lykta,M,Jabłko-cynamon,true,30.00 zł,975523767919,408,2023-04-23
Veke,S,Trawa cytrynowa,true,30.00 zł,574425365219,913,2022-09-09
Ljus,M,Trawa cytrynowa,true,20.00 zł,600953042958,919,2022-09-10
Lägereld,S,Jabłko-cynamon,true,30.00 zł,628211816699,215,2023-04-08
Lykta,S,Kokos,true,20.00 zł,137687091015,656,2022-08-05
Stjärna,S,Sosna,false,40.00 zł,051932154273,892,2023-10-20
Lägereld,S,Grejpfrut,true,30.00 zł,190773044768,61,2022-09-03
Takfönster,L,Hiacynt,false,35.00 zł,929872045539,278,2023-08-18
Lägereld,L,Kokos,false,50.00 zł,533564727507,996,2023-04-27
Lägereld,M,Świerk,true,40.00 zł,513639398526,83,2023-01-15
Ljus,L,Wanilia,false,30.00 zł,327399946276,917,2022-10-06
Lykta,L,Wanilia,true,40.00 zł,601620312122,948,2023-07-20
Glans,L,Lawenda,true,45.00 zł,196469836609,846,2023-04-23
Stjärna,M,Sosna,false,50.00 zł,173228434895,540,2023-11-22
Takfönster,L,Pomarańcza-goździki,false,35.00 zł,157069557739,968,2023-05-16
Veke,M,Jaśmin,true,40.00 zł,590738462738,459,2022-11-10
Veke,L,Świerk,false,50.00 zł,759536856330,581,2023-11-26
Glans,M,Grejpfrut,false,35.00 zł,096346916550,187,2023-11-16
Lägereld,S,Fiołek,false,30.00 zł,432227523143,220,2023-02-20
Lägereld,L,Mięta,false,50.00 zł,847570037646,239,2022-07-28
Gryning,M,Kokos,true,20.00 zł,155938281234,82,2022-12-08
Lägereld,L,Trawa cytrynowa,false,50.00 zł,503378338891,40,2023-11-23
Glans,M,Jaśmin,true,35.00 zł,801742531621,108,2023-07-14
Stjärna,M,Jabłko-cynamon,true,50.00 zł,040696885021,74,2023-01-23
Gryning,M,Lawenda,true,20.00 zł,200497500902,420,2023-04-17
Takfönster,M,Kokos,true,25.00 zł,232434559925,401,2022-12-16
Ljus,M,Pomarańcza-goździki,true,20.00 zł,221300895188,830,2022-11-06
Glans,L,Jaśmin,false,45.00 zł,002662037344,382,2022-11-13
Lägereld,M,Jabłko-cynamon,true,40.00 zł,255532438741,997,2023-02-14
Lykta,L,Fiołek,true,40.00 zł,211557023741,543,2023-10-02
Takfönster,M,Hiacynt,true,25.00 zł,803064178220,934,2022-09-20
Lykta,L,Hiacynt,false,40.00 zł,812101774796,476,2023-06-03
Lykta,M,Mięta,false,30.00 zł,130167285126,343,2023-03-08
Stjärna,M,Jaśmin,true,50.00 zł,103171053939,132,2023-07-07
Lägereld,L,Mięta,true,50.00 zł,038751419984,983,2023-11-18
Veke,L,Świerk,false,50.00 zł,590109338806,530,2023-08-08
Glans,M,Jabłko-cynamon,false,35.00 zł,547589294624,994,2023-04-21
Glans,M,Trawa cytrynowa,false,35.00 zł,257984513903,823,2023-02-06
Lykta,M,Pomarańcza-goździki,false,30.00 zł,996301507107,212,2023-01-20
Veke,L,Jabłko-cynamon,true,50.00 zł,062333419748,650,2023-10-30
Gryning,M,Trawa cytrynowa,true,20.00 zł,250435944726,475,2022-08-02
Takfönster,M,Fiołek,false,25.00 zł,870739940147,632,2023-08-11
Gryning,M,Pomarańcza-goździki,true,20.00 zł,835615439547,47,2023-02-27
Lägereld,M,Kokos,true,40.00 zł,576058488581,270,2023-06-06
Stjärna,S,Wanilia,true,40.00 zł,570060028998,798,2023-02-21
Lykta,M,Trawa cytrynowa,false,30.00 zł,067849285802,888,2022-11-03
Veke,S,Hiacynt,true,30.00 zł,131496145561,40,2022-11-08
Takfönster,S,Sosna,false,15.00 zł,687563303707,868,2022-11-10
Lykta,M,Pomarańcza-goździki,true,30.00 zł,879929666866,646,2023-07-29
Stjärna,M,Lawenda,true,50.00 zł,505201822322,489,2023-01-09
Takfönster,M,Jaśmin,true,25.00 zł,312193448606,242,2023-06-24
Lykta,L,Świerk,false,40.00 zł,351452357126,710,2023-11-12
Lägereld,S,Pomarańcza-goździki,false,30.00 zł,866905278045,639,2023-04-04
Gryning,L,Kokos,true,30.00 zł,910046205753,813,2023-07-16
Lägereld,L,Wanilia,true,50.00 zł,710991714278,220,2022-10-18
Lykta,L,Trawa cytrynowa,false,40.00 zł,344744372812,322,2023-03-07
Takfönster,M,Grejpfrut,false,25.00 zł,602010968544,747,2022-09-28
Stjärna,S,Hiacynt,false,40.00 zł,486414349567,941,2022-07-21
Lägereld,L,Mięta,false,50.00 zł,542358771836,852,2022-11-21
Glans,M,Kokos,true,35.00 zł,738797194930,132,2023-11-25
Gryning,L,Pomarańcza-goździki,false,30.00 zł,360188303952,78,2023-10-26
Lykta,S,Trawa cytrynowa,true,20.00 zł,435210188579,816,2023-05-21
Glans,L,Kokos,true,45.00 zł,464513667725,422,2023-08-01
Veke,M,Jaśmin,false,40.00 zł,518747529381,335,2023-11-15
Lykta,M,Hiacynt,false,30.00 zł,660771621555,929,2023-08-11
Glans,L,Pomarańcza-goździki,true,45.00 zł,967591237740,310,2023-09-29
Gryning,S,Hiacynt,false,10.00 zł,974648128528,310,2023-08-03
Veke,S,Grejpfrut,true,30.00 zł,070397313846,523,2023-05-11
Ljus,M,Mięta,false,20.00 zł,939097252552,990,2022-08-20
Lägereld,M,Trawa cytrynowa,false,40.00 zł,639523716339,641,2023-08-07
Takfönster,M,Fiołek,true,25.00 zł,613377524767,723,2023-05-03
Gryning,M,Mięta,true,20.00 zł,364225192970,963,2023-11-19
Lägereld,L,Grejpfrut,false,50.00 zł,031023053573,234,2023-04-01
Stjärna,M,Lawenda,true,50.00 zł,655250285084,740,2023-07-24
Gryning,S,Sosna,true,10.00 zł,538750295913,147,2023-08-20
Glans,M,Kokos,true,35.00 zł,016534376433,585,2023-11-17
Glans,L,Fiołek,false,45.00 zł,034730133680,496,2022-10-31
Takfönster,L,Hiacynt,true,35.00 zł,147901616458,340,2022-09-08
Stjärna,M,Trawa cytrynowa,false,50.00 zł,129854593780,957,2023-04-15
Glans,M,Sosna,true,35.00 zł,924880195130,617,2022-12-28
Glans,L,Grejpfrut,true,45.00 zł,818460571434,991,2023-02-10
Stjärna,M,Grejpfrut,true,50.00 zł,347225836766,690,2022-12-04
Glans,M,Mięta,false,35.00 zł,745043391197,791,2023-11-05
Lykta,M,Wanilia,true,30.00 zł,379281848813,348,2022-12-30
Takfönster,S,Fiołek,true,15.00 zł,067144254691,246,2023-02-05
Takfönster,M,Świerk,false,25.00 zł,881925648930,358,2023-04-15
Stjärna,S,Fiołek,true,40.00 zł,754982074158,135,2023-06-24
Glans,M,Hiacynt,false,35.00 zł,856756262533,891,2022-09-16
Stjärna,S,Trawa cytrynowa,true,40.00 zł,449839679479,38,2023-10-19
Stjärna,S,Grejpfrut,false,40.00 zł,947951690921,580,2023-03-25
Lykta,L,Fiołek,false,40.00 zł,499213828704,126,2023-02-24
Takfönster,L,Fiołek,true,35.00 zł,392392288233,640,2023-09-30
Stjärna,S,Trawa cytrynowa,false,40.00 zł,827787408187,103,2022-10-17
Ljus,M,Jabłko-cynamon,false,20.00 zł,610465741554,610,2023-06-10
Takfönster,L,Pomarańcza-goździki,false,35.00 zł,326044087306,336,2022-10-02
Glans,L,Kokos,false,45.00 zł,261142147880,504,2022-11-09
Veke,M,Mięta,false,40.00 zł,861453206795,293,2022-08-24
Ljus,L,Wanilia,false,30.00 zł,586483307980,229,2023-01-25
Lykta,M,Sosna,false,30.00 zł,717404315346,138,2023-04-16
Veke,S,Sosna,false,30.00 zł,438806091734,631,2023-01-25
Lägereld,M,Kokos,false,40.00 zł,803661739387,491,2022-10-04
Lägereld,M,Wanilia,true,40.00 zł,193021833222,33,2023-08-22
Stjärna,M,Hiacynt,true,50.00 zł,311450244807,672,2023-08-06
Stjärna,M,Trawa cytrynowa,true,50.00 zł,588239371211,590,2023-02-20
Veke,M,Trawa cytrynowa,true,40.00 zł,576943812383,828,2022-10-19
Stjärna,M,Wanilia,false,50.00 zł,304831834022,638,2023-05-05
Lägereld,S,Grejpfrut,false,30.00 zł,583125680723,250,2023-07-07
Takfönster,L,Jaśmin,false,35.00 zł,116924843871,736,2023-09-09
Stjärna,M,Fiołek,true,50.00 zł,361423295214,23,2023-02-07
Takfönster,M,Lawenda,false,25.00 zł,201109309592,601,2023-06-30
Glans,L,Kokos,true,45.00 zł,726853699650,820,2023-07-17
Ljus,S,Kokos,false,10.00 zł,960973969653,674,2023-11-24
Takfönster,M,Sosna,true,25.00 zł,227728608698,54,2023-04-09
Ljus,L,Sosna,true,30.00 zł,598185060801,727,2022-09-12
Takfönster,S,Wanilia,true,15.00 zł,464448206350,221,2023-11-13
Veke,M,Trawa cytrynowa,false,40.00 zł,186454141419,451,2022-07-22
Glans,L,Lawenda,false,45.00 zł,239605845486,761,2022-08-09
Takfönster,M,Pomarańcza-goździki,true,25.00 zł,075035296977,676,2023-10-18
Stjärna,L,Świerk,false,60.00 zł,425377380986,809,2022-11-13
Stjärna,S,Wanilia,false,40.00 zł,211197721298,823,2023-04-04
Ljus,M,Jabłko-cynamon,false,20.00 zł,388893353542,344,2023-01-18
Takfönster,M,Świerk,true,25.00 zł,233311999860,443,2022-07-27
Lägereld,M,Jaśmin,true,40.00 zł,370505726944,971,2023-11-13
Ljus,M,Wanilia,false,20.00 zł,286670257158,256,2023-07-31
Lykta,M,Lawenda,false,30.00 zł,988291909885,28,2023-10-25
Lykta,L,Kokos,false,40.00 zł,226397036076,538,2022-09-27
Gryning,L,Wanilia,true,30.00 zł,321839889969,183,2023-06-24
Takfönster,S,Jabłko-cynamon,true,15.00 zł,207604268474,638,2022-12-03
Lägereld,M,Jabłko-cynamon,false,40.00 zł,930034384789,778,2022-11-03
Veke,M,Jaśmin,false,40.00 zł,990168342281,759,2023-05-22
Takfönster,L,Lawenda,true,35.00 zł,651140934242,501,2023-07-03
Takfönster,S,Jaśmin,false,15.00 zł,496954393784,90,2023-09-27
Gryning,L,Świerk,false,30.00 zł,807204825111,991,2023-11-15
Lägereld,M,Trawa cytrynowa,true,40.00 zł,911358610453,706,2022-08-01
Glans,L,Sosna,true,45.00 zł,307345692123,348,2023-09-08
Stjärna,L,Trawa cytrynowa,false,60.00 zł,823133730226,283,2023-02-09
Glans,M,Fiołek,true,35.00 zł,019708728300,666,2023-07-13
Takfönster,L,Pomarańcza-goździki,true,35.00 zł,319230922346,165,2022-12-27
Stjärna,L,Trawa cytrynowa,false,60.00 zł,315582234161,315,2023-01-24
Veke,M,Grejpfrut,false,40.00 zł,591429672142,721,2022-09-15
Takfönster,M,Grejpfrut,true,25.00 zł,289169540549,259,2023-10-11
Glans,M,Lawenda,true,35.00 zł,531811616725,728,2022-12-16
Stjärna,L,Jaśmin,false,60.00 zł,466369394259,485,2022-11-17
Gryning,L,Lawenda,true,30.00 zł,611721615082,681,2022-07-20
Glans,S,Świerk,false,25.00 zł,182197345738,678,2022-10-17
Veke,M,Lawenda,true,40.00 zł,840777948780,748,2023-03-05
Lykta,S,Pomarańcza-goździki,true,20.00 zł,416125257402,941,2023-07-05
Ljus,S,Mięta,true,10.00 zł,534586606272,443,2023-03-27
Veke,M,Wanilia,true,40.00 zł,614923100969,8,2023-03-22
Ljus,M,Sosna,true,20.00 zł,935435288059,131,2023-02-14
Ljus,S,Trawa cytrynowa,true,10.00 zł,231788166115,121,2023-06-06
Takfönster,S,Jaśmin,true,15.00 zł,022049627972,676,2022-11-27
Veke,M,Trawa cytrynowa,true,40.00 zł,125282810364,799,2022-10-13
Veke,S,Hiacynt,false,30.00 zł,730270358740,552,2023-08-31
Lägereld,M,Sosna,false,40.00 zł,891634907673,337,2022-11-07
Takfönster,L,Trawa cytrynowa,false,35.00 zł,601287208685,56,2023-02-14
Veke,L,Sosna,false,50.00 zł,396287201240,912,2023-09-23
Lägereld,L,Trawa cytrynowa,true,50.00 zł,522210533092,201,2023-06-28
Veke,M,Kokos,false,40.00 zł,329797759955,211,2023-11-11
Veke,S,Jabłko-cynamon,true,30.00 zł,163144246027,756,2023-08-03
Lägereld,L,Świerk,false,50.00 zł,783625731845,296,2022-09-19
Lägereld,M,Lawenda,true,40.00 zł,600107715681,655,2023-10-18
Veke,S,Trawa cytrynowa,true,30.00 zł,708012121686,939,2022-12-12
Ljus,M,Trawa cytrynowa,false,20.00 zł,487570799256,273,2023-05-05
Stjärna,M,Jabłko-cynamon,true,50.00 zł,463506943178,134,2023-02-17
Lägereld,L,Trawa cytrynowa,true,50.00 zł,928874862241,494,2023-11-07
Glans,M,Wanilia,false,35.00 zł,680948610350,619,2023-05-26
Stjärna,S,Mięta,true,40.00 zł,474645850599,370,2023-02-16
Veke,M,Jaśmin,false,40.00 zł,728721996192,532,2022-08-11
Lägereld,S,Świerk,true,30.00 zł,427409753734,249,2023-09-05
Stjärna,L,Hiacynt,true,60.00 zł,931024919045,862,2023-09-02
Stjärna,L,Jaśmin,true,60.00 zł,408580739476,736,2023-01-05
Takfönster,M,Jabłko-cynamon,false,25.00 zł,800148047439,398,2023-07-15
Lykta,L,Kokos,true,40.00 zł,036096153246,146,2023-09-08
Glans,M,Grejpfrut,false,35.00 zł,949299346947,39,2023-09-30
Gryning,M,Świerk,true,20.00 zł,789980801287,74,2023-11-15
Takfönster,M,Mięta,false,25.00 zł,211280220411,920,2023-10-25
Lägereld,L,Świerk,true,50.00 zł,627611699634,224,2022-07-26
Stjärna,S,Sosna,true,40.00 zł,017813228094,615,2022-08-10
Lägereld,M,Sosna,true,40.00 zł,684322946748,371,2023-06-12
Lykta,M,Jaśmin,false,30.00 zł,882506795332,58,2023-02-14
Glans,M,Świerk,true,35.00 zł,360590611174,674,2023-04-20
Lykta,L,Sosna,true,40.00 zł,190611729571,746,2022-11-03
Lykta,L,Grejpfrut,false,40.00 zł,643167596042,142,2023-08-06
Veke,L,Hiacynt,true,50.00 zł,859960576787,664,2023-02-09
Gryning,S,Jaśmin,true,10.00 zł,417962903812,270,2023-08-24
Takfönster,S,Hiacynt,false,15.00 zł,739701450469,382,2023-08-06
Lägereld,S,Trawa cytrynowa,false,30.00 zł,440434742748,848,2022-10-02
Lykta,M,Wanilia,true,30.00 zł,426706951000,966,2023-02-25
Glans,S,Grejpfrut,true,25.00 zł,922737042960,685,2022-10-02
Lägereld,S,Wanilia,false,30.00 zł,801638146193,396,2023-04-16
Takfönster,S,Grejpfrut,false,15.00 zł,013505289500,27,2023-05-14
Lykta,M,Jaśmin,false,30.00 zł,870798856731,30,2022-09-03
Lägereld,M,Lawenda,true,40.00 zł,751793467776,959,2023-04-29
Lägereld,M,Fiołek,true,40.00 zł,072860503985,819,2023-08-21
Takfönster,S,Sosna,true,15.00 zł,029466176577,125,2023-09-27
Glans,L,Pomarańcza-goździki,false,45.00 zł,699980269351,149,2023-07-28
Lykta,L,Trawa cytrynowa,true,40.00 zł,601717871364,210,2022-12-31
Lykta,S,Jaśmin,true,20.00 zł,061023753232,983,2022-12-06
Gryning,L,Kokos,false,30.00 zł,615056407101,770,2023-03-06
Lykta,L,Sosna,true,40.00 zł,147529851383,658,2023-10-18
Glans,M,Hiacynt,true,35.00 zł,441919125289,836,2023-02-25
Lykta,L,Mięta,false,40.00 zł,413086640602,779,2023-11-18
Stjärna,M,Jabłko-cynamon,false,50.00 zł,401328233105,632,2023-09-02
Veke,L,Kokos,false,50.00 zł,762223633502,708,2023-05-29
Stjärna,S,Jaśmin,true,40.00 zł,948195600200,509,2022-11-12
Takfönster,M,Grejpfrut,false,25.00 zł,291217268764,735,2022-11-23
Veke,M,Hiacynt,true,40.00 zł,941658530458,362,2022-10-01
Takfönster,M,Lawenda,true,25.00 zł,821169802571,972,2022-12-31
Ljus,M,Jaśmin,true,20.00 zł,087314181462,350,2023-08-14
Glans,L,Trawa cytrynowa,true,45.00 zł,390629923275,63,2023-03-28
Glans,L,Hiacynt,false,45.00 zł,774868106683,423,2022-10-07
Lykta,S,Lawenda,true,20.00 zł,167259744345,917,2023-01-14
Veke,L,Hiacynt,false,50.00 zł,287047721435,243,2023-03-17
Takfönster,S,Wanilia,true,15.00 zł,626045707495,465,2023-08-09
Ljus,L,Kokos,true,30.00 zł,769138614540,779,2023-01-06
Lykta,S,Sosna,true,20.00 zł,896916788437,428,2023-10-23
Ljus,M,Pomarańcza-goździki,true,20.00 zł,901334520254,114,2023-08-31
Glans,M,Wanilia,false,35.00 zł,765335815799,380,2022-09-12
Stjärna,S,Świerk,true,40.00 zł,782847912717,918,2022-08-07
Gryning,L,Wanilia,true,30.00 zł,719172317364,594,2022-08-25
Takfönster,S,Trawa cytrynowa,false,15.00 zł,184877967775,252,2023-10-06
Takfönster,M,Jabłko-cynamon,true,25.00 zł,916599753560,415,2023-11-25
Lykta,S,Jaśmin,true,20.00 zł,082241183302,405,2022-12-30
Takfönster,L,Fiołek,false,35.00 zł,049883196083,928,2023-06-04
Ljus,S,Lawenda,false,10.00 zł,186205981336,346,2023-08-19
Gryning,M,Sosna,true,20.00 zł,860265464419,952,2023-03-30
Lägereld,M,Fiołek,true,40.00 zł,868389622972,283,2023-11-24
Lykta,L,Fiołek,true,40.00 zł,771530168270,913,2023-08-03
Takfönster,L,Jaśmin,false,35.00 zł,681766330009,539,2022-10-24
Gryning,L,Pomarańcza-goździki,false,30.00 zł,677409477576,347,2023-08-26
Ljus,M,Lawenda,true,20.00 zł,170284440468,428,2023-10-05
Takfönster,S,Trawa cytrynowa,false,15.00 zł,290896137847,331,2023-10-13
Veke,M,Sosna,true,40.00 zł,175991140404,309,2022-11-14
Lykta,S,Pomarańcza-goździki,false,20.00 zł,169845608608,783,2022-10-09
Veke,L,Jabłko-cynamon,true,50.00 zł,559898352666,758,2022-12-29
Takfönster,M,Wanilia,true,25.00 zł,912748623670,640,2023-05-01
Takfönster,M,Wanilia,false,25.00 zł,289435309316,373,2023-08-07
Veke,L,Trawa cytrynowa,true,50.00 zł,308891364583,649,2022-08-20
Ljus,L,Jabłko-cynamon,false,30.00 zł,827682973533,478,2023-06-10
Glans,M,Hiacynt,false,35.00 zł,719769949824,862,2023-01-05
Gryning,M,Lawenda,false,20.00 zł,932596224065,164,2023-06-01
Takfönster,S,Wanilia,false,15.00 zł,447720556130,835,2022-11-27
Veke,M,Fiołek,true,40.00 zł,512095225223,888,2023-04-22
Takfönster,M,Mięta,false,25.00 zł,707044682577,313,2023-04-13
Lägereld,M,Świerk,false,40.00 zł,616720826521,110,2023-06-09
Gryning,L,Hiacynt,false,30.00 zł,075258709426,854,2023-07-16
Gryning,S,Kokos,false,10.00 zł,279574495126,116,2022-11-02
Lykta,S,Wanilia,false,20.00 zł,138994392753,643,2022-09-15
Glans,M,Świerk,false,35.00 zł,934163513423,616,2022-10-26
Takfönster,S,Mięta,false,15.00 zł,700911539955,248,2023-07-01
Lykta,M,Grejpfrut,false,30.00 zł,212298656790,361,2023-03-07
Lägereld,M,Jabłko-cynamon,false,40.00 zł,558144501491,441,2023-05-19
Takfönster,M,Jaśmin,true,25.00 zł,217227306235,106,2023-11-14
Ljus,L,Kokos,true,30.00 zł,941564647318,487,2023-06-02
Veke,L,Fiołek,true,50.00 zł,255994685002,649,2023-03-02
Glans,M,Mięta,true,35.00 zł,826769067102,454,2023-05-23
Lykta,L,Trawa cytrynowa,true,40.00 zł,400890864415,571,2023-09-22
Ljus,M,Wanilia,true,20.00 zł,804169585423,223,2023-06-19
Glans,L,Sosna,true,45.00 zł,573569025327,417,2022-08-22
Veke,S,Wanilia,false,30.00 zł,710265867198,103,2023-10-28
Glans,L,Świerk,true,45.00 zł,033943345286,668,2022-12-31
Glans,L,Wanilia,true,45.00 zł,653815218360,703,2022-08-28
Stjärna,M,Jabłko-cynamon,false,50.00 zł,736375766216,964,2022-09-14
Ljus,S,Wanilia,false,10.00 zł,551583359319,934,2023-07-12
Lykta,S,Pomarańcza-goździki,true,20.00 zł,845645342172,461,2023-07-02
Glans,M,Świerk,false,35.00 zł,466883039951,452,2022-09-07
Veke,L,Fiołek,false,50.00 zł,562093109453,371,2023-07-17
Veke,L,Świerk,false,50.00 zł,182232699167,766,2023-10-31
Takfönster,M,Pomarańcza-goździki,false,25.00 zł,334533168887,622,2023-01-20
Gryning,L,Pomarańcza-goździki,true,30.00 zł,454288551670,135,2023-09-26
Stjärna,S,Grejpfrut,false,40.00 zł,350420691673,804,2023-09-12
Lägereld,S,Jaśmin,true,30.00 zł,909728223359,415,2022-12-21
Glans,S,Jabłko-cynamon,false,25.00 zł,640009839279,940,2022-10-05
Ljus,S,Sosna,true,10.00 zł,199982355873,109,2022-11-17
Takfönster,S,Trawa cytrynowa,true,15.00 zł,100411785818,962,2022-12-30
Gryning,M,Jaśmin,true,20.00 zł,077789430318,669,2023-01-03
Takfönster,L,Jabłko-cynamon,true,35.00 zł,297598452679,480,2023-01-08
Stjärna,M,Hiacynt,true,50.00 zł,486545151447,296,2023-06-18
Ljus,M,Świerk,true,20.00 zł,125222784115,795,2023-08-08
Lägereld,M,Wanilia,false,40.00 zł,094992889879,927,2023-02-01
Stjärna,S,Grejpfrut,false,40.00 zł,383388065049,528,2023-03-12
Takfönster,M,Sosna,false,25.00 zł,389437747250,189,2023-09-19
Glans,M,Grejpfrut,true,35.00 zł,767943843003,478,2023-05-11
Gryning,M,Jaśmin,true,20.00 zł,574926105988,353,2023-06-01
Ljus,L,Jabłko-cynamon,false,30.00 zł,495420409105,160,2022-12-31
Lykta,L,Trawa cytrynowa,false,40.00 zł,033461681977,439,2022-11-15
Stjärna,M,Hiacynt,true,50.00 zł,010614264861,740,2022-12-17
Stjärna,L,Hiacynt,true,60.00 zł,028628187246,578,2023-09-08
Lykta,S,Jaśmin,false,20.00 zł,521119614012,603,2023-05-24
Lägereld,M,Sosna,false,40.00 zł,867356624931,723,2023-01-11
Lägereld,M,Wanilia,true,40.00 zł,932454753335,426,2022-12-03
Lykta,S,Wanilia,true,20.00 zł,440637643623,529,2022-11-27
Veke,L,Grejpfrut,true,50.00 zł,131083122027,541,2023-05-09
Stjärna,L,Lawenda,true,60.00 zł,251984881209,534,2023-11-14
Veke,M,Trawa cytrynowa,true,40.00 zł,816250465271,50,2022-12-08
Lägereld,L,Mięta,true,50.00 zł,247643980641,299,2023-11-30
Stjärna,M,Pomarańcza-goździki,false,50.00 zł,052459356403,68,2022-08-19
Ljus,L,Fiołek,true,30.00 zł,505360943466,592,2022-08-29
Glans,L,Grejpfrut,false,45.00 zł,414088737266,829,2022-10-23
Lykta,L,Lawenda,true,40.00 zł,081583437290,77,2023-04-08
Veke,L,Grejpfrut,true,50.00 zł,618079165340,548,2023-11-24
Stjärna,S,Kokos,false,40.00 zł,713570018348,597,2023-08-04
Stjärna,M,Kokos,true,50.00 zł,080232127893,664,2023-04-06
Lägereld,S,Jabłko-cynamon,false,30.00 zł,505301112688,96,2023-11-25
Lykta,L,Mięta,true,40.00 zł,430395841058,865,2023-08-24
Takfönster,S,Grejpfrut,false,15.00 zł,999732477236,488,2023-04-05
Stjärna,M,Hiacynt,false,50.00 zł,526272309313,807,2022-10-07
Lykta,L,Pomarańcza-goździki,true,40.00 zł,401600018682,74,2023-06-21
Lykta,M,Świerk,true,30.00 zł,985151340577,935,2022-12-08
Takfönster,M,Fiołek,true,25.00 zł,707327424061,639,2023-05-11
Stjärna,M,Fiołek,false,50.00 zł,500330129949,41,2023-10-10
Lägereld,M,Grejpfrut,true,40.00 zł,142820806020,338,2022-11-05
Stjärna,M,Lawenda,true,50.00 zł,031799900204,214,2023-08-17
Gryning,M,Jaśmin,true,20.00 zł,694843176551,668,2023-08-23
Lykta,S,Pomarańcza-goździki,true,20.00 zł,259179178349,813,2022-11-27
Veke,L,Wanilia,false,50.00 zł,315654497376,834,2023-03-13
Takfönster,L,Świerk,true,35.00 zł,009093769413,320,2022-10-16
Lägereld,M,Trawa cytrynowa,false,40.00 zł,061534926398,350,2023-06-11
Takfönster,S,Wanilia,true,15.00 zł,044331036700,507,2023-01-12
Veke,L,Lawenda,true,50.00 zł,948215555914,333,2023-07-20
Veke,S,Świerk,false,30.00 zł,775562642370,631,2022-09-14
Lägereld,M,Świerk,false,40.00 zł,731189704324,482,2023-07-01
Takfönster,S,Mięta,false,15.00 zł,847365655601,936,2023-02-28
Gryning,M,Wanilia,true,20.00 zł,791866163376,280,2022-10-08
Ljus,L,Wanilia,false,30.00 zł,868829217102,263,2023-07-14
Stjärna,L,Pomarańcza-goździki,false,60.00 zł,643607024217,276,2022-12-22
Glans,L,Trawa cytrynowa,false,45.00 zł,941074566853,756,2023-04-17
Lägereld,M,Sosna,false,40.00 zł,396624596221,732,2023-09-20
Lykta,L,Jaśmin,false,40.00 zł,956439139474,424,2023-05-11
Stjärna,L,Jaśmin,true,60.00 zł,432911128852,173,2023-04-03
Gryning,S,Kokos,false,10.00 zł,396645600242,846,2022-11-28
Lägereld,L,Kokos,false,50.00 zł,013467478956,346,2023-01-29
Lägereld,M,Trawa cytrynowa,false,40.00 zł,946108675179,92,2023-08-08
Gryning,M,Fiołek,false,20.00 zł,469349974296,397,2023-09-29
Lägereld,L,Wanilia,true,50.00 zł,415869662659,200,2023-06-12
Glans,L,Sosna,true,45.00 zł,825630542351,943,2023-10-23
Gryning,L,Grejpfrut,true,30.00 zł,887509102789,272,2023-02-06
Takfönster,L,Fiołek,true,35.00 zł,385569597537,153,2022-12-13
Lägereld,L,Jaśmin,true,50.00 zł,959174325971,390,2023-01-17
Ljus,S,Jaśmin,true,10.00 zł,980295847785,364,2023-02-14
Lägereld,M,Hiacynt,false,40.00 zł,244030315353,137,2023-07-22
Ljus,M,Fiołek,false,20.00 zł,397271506622,886,2023-08-18
Takfönster,M,Hiacynt,false,25.00 zł,693204977664,40,2023-04-16
Lykta,S,Lawenda,false,20.00 zł,312838243703,102,2022-08-24
Veke,S,Świerk,true,30.00 zł,545940114858,485,2022-08-16
Glans,L,Fiołek,true,45.00 zł,754349464324,106,2023-05-19
Glans,L,Pomarańcza-goździki,false,45.00 zł,119779451603,533,2023-11-25
Lägereld,L,Kokos,true,50.00 zł,941303085820,46,2022-10-18
Ljus,S,Jabłko-cynamon,true,10.00 zł,906332900981,636,2022-12-04
Stjärna,M,Trawa cytrynowa,true,50.00 zł,196291096994,812,2023-01-17
Gryning,L,Jabłko-cynamon,false,30.00 zł,649223534021,605,2022-12-10
Takfönster,L,Jabłko-cynamon,true,35.00 zł,034803454093,289,2022-08-21
Lägereld,M,Jabłko-cynamon,false,40.00 zł,439630963836,671,2022-08-10
Lägereld,S,Grejpfrut,false,30.00 zł,087738018110,728,2022-10-18
Glans,M,Lawenda,true,35.00 zł,865396610026,26,2023-04-21
Lägereld,S,Kokos,false,30.00 zł,876295178300,594,2023-07-20
Ljus,S,Pomarańcza-goździki,true,10.00 zł,735901134824,244,2023-06-15
Veke,S,Kokos,true,30.00 zł,584370123999,554,2023-03-23
Gryning,M,Fiołek,false,20.00 zł,894057319749,414,2022-12-24
Glans,M,Pomarańcza-goździki,true,35.00 zł,490746418521,778,2023-08-02
Gryning,L,Fiołek,false,30.00 zł,087681428877,221,2022-11-29
Stjärna,S,Fiołek,true,40.00 zł,231200968766,387,2022-11-15
Lägereld,M,Kokos,true,40.00 zł,101031193944,916,2023-10-09
Stjärna,S,Lawenda,false,40.00 zł,255966886316,537,2023-03-16
Glans,L,Mięta,false,45.00 zł,016304051600,920,2023-04-15
Glans,S,Grejpfrut,false,25.00 zł,884172760009,545,2023-03-07
Lägereld,M,Sosna,false,40.00 zł,757940136393,438,2023-03-15
Veke,M,Lawenda,false,40.00 zł,647416969555,852,2023-07-30
Lykta,M,Kokos,false,30.00 zł,173115309907,827,2022-09-16
Lägereld,S,Grejpfrut,false,30.00 zł,613978446566,486,2023-01-22
Lykta,M,Mięta,false,30.00 zł,540240098370,869,2023-03-05
Stjärna,M,Lawenda,true,50.00 zł,746730032750,990,2023-07-24
Veke,L,Pomarańcza-goździki,false,50.00 zł,588290974687,280,2022-08-11
Lägereld,M,Jabłko-cynamon,true,40.00 zł,253053485584,614,2022-09-16
Glans,S,Jabłko-cynamon,false,25.00 zł,649327445513,302,2023-07-31
Lykta,M,Wanilia,false,30.00 zł,051125419690,366,2023-06-13
Lykta,S,Hiacynt,true,20.00 zł,711090340530,997,2023-11-20
Gryning,M,Fiołek,true,20.00 zł,936499276606,741,2023-11-11
Lägereld,L,Hiacynt,true,50.00 zł,519363846062,353,2023-03-24
Lägereld,M,Hiacynt,false,40.00 zł,559173885450,906,2023-05-22
Lykta,M,Jabłko-cynamon,true,30.00 zł,546062198947,620,2023-03-14
Stjärna,S,Mięta,true,40.00 zł,019577164502,789,2022-09-21
Takfönster,L,Wanilia,true,35.00 zł,503005299279,369,2023-06-24
Lägereld,M,Kokos,false,40.00 zł,594073813468,605,2023-09-11
Takfönster,M,Pomarańcza-goździki,false,25.00 zł,687149960589,532,2023-06-25
Takfönster,M,Kokos,false,25.00 zł,924746706983,170,2023-05-18
Ljus,M,Sosna,true,20.00 zł,939929959730,761,2023-11-25
Stjärna,S,Jabłko-cynamon,true,40.00 zł,860196369756,212,2023-05-18
Stjärna,M,Grejpfrut,false,50.00 zł,058697856105,729,2023-02-09
Veke,M,Mięta,true,40.00 zł,881661098427,573,2022-12-23
Gryning,S,Świerk,false,10.00 zł,023722410464,879,2022-08-25
Stjärna,M,Jabłko-cynamon,false,50.00 zł,650931381567,395,2023-03-14
Lykta,M,Fiołek,false,30.00 zł,860065136345,565,2023-03-04
Takfönster,M,Pomarańcza-goździki,true,25.00 zł,067275227662,198,2023-04-11
Lykta,S,Lawenda,true,20.00 zł,522002900449,50,2023-11-05
Glans,M,Hiacynt,false,35.00 zł,869172857500,712,2023-09-17
Stjärna,M,Kokos,true,50.00 zł,372532959629,210,2023-09-20
Veke,M,Świerk,true,40.00 zł,980609239180,629,2023-05-26
Lykta,M,Mięta,false,30.00 zł,528207268534,150,2023-03-31
Lägereld,M,Jabłko-cynamon,false,40.00 zł,030218844947,854,2022-09-08
Ljus,S,Mięta,true,10.00 zł,120535701787,843,2023-08-13
Takfönster,S,Pomarańcza-goździki,true,15.00 zł,433528222978,412,2022-09-07
Takfönster,M,Pomarańcza-goździki,true,25.00 zł,911721389163,611,2023-01-11
Gryning,M,Fiołek,false,20.00 zł,888823650894,278,2022-07-30
Gryning,S,Mięta,true,10.00 zł,084951390705,994,2022-08-30
Stjärna,M,Pomarańcza-goździki,true,50.00 zł,957928497192,298,2023-01-17
Glans,S,Fiołek,false,25.00 zł,237029941498,579,2023-02-14
Lägereld,M,Mięta,false,40.00 zł,360813875311,587,2022-08-03
Gryning,L,Mięta,false,30.00 zł,252688058497,318,2022-11-17
Stjärna,L,Fiołek,false,60.00 zł,884570610634,895,2023-05-28
Lykta,L,Trawa cytrynowa,false,40.00 zł,162307304004,982,2022-08-13
Lykta,M,Lawenda,true,30.00 zł,054458201777,440,2022-10-20
Lykta,M,Mięta,true,30.00 zł,015547939533,908,2023-04-13
Stjärna,M,Grejpfrut,false,50.00 zł,517275389021,945,2023-02-21
Takfönster,L,Kokos,true,35.00 zł,823139320666,609,2023-08-26
Lägereld,M,Jaśmin,true,40.00 zł,989479893058,447,2023-08-17
Veke,S,Lawenda,true,30.00 zł,768731383956,872,2023-07-15
Lägereld,M,Jabłko-cynamon,true,40.00 zł,113004437073,280,2022-10-06
Stjärna,S,Lawenda,false,40.00 zł,069247780123,665,2023-01-21
Gryning,M,Pomarańcza-goździki,false,20.00 zł,424786491554,800,2023-09-12
Gryning,L,Mięta,true,30.00 zł,964069608494,239,2023-09-05
Lykta,M,Kokos,false,30.00 zł,455759042829,150,2022-07-29
Stjärna,S,Grejpfrut,true,40.00 zł,361030276680,497,2022-07-28
Lägereld,M,Sosna,true,40.00 zł,207556490663,528,2023-06-04
Lykta,L,Hiacynt,true,40.00 zł,378760105775,741,2023-03-01
Gryning,S,Grejpfrut,false,10.00 zł,422289594434,11,2022-11-29
Lykta,M,Wanilia,false,30.00 zł,186650952244,813,2022-11-18
Glans,M,Grejpfrut,false,35.00 zł,819354883748,530,2022-11-17
Lykta,S,Sosna,false,20.00 zł,116387204741,245,2023-01-20
Ljus,L,Kokos,true,30.00 zł,099313814608,653,2023-02-23
Glans,M,Wanilia,true,35.00 zł,532745359159,801,2023-02-11
Glans,S,Hiacynt,false,25.00 zł,337069105276,223,2023-11-05
Ljus,M,Grejpfrut,false,20.00 zł,414716251137,769,2023-11-16
Lykta,S,Lawenda,true,20.00 zł,873199921983,744,2022-12-11
Veke,L,Grejpfrut,false,50.00 zł,942351376386,621,2023-10-03
Veke,L,Grejpfrut,true,50.00 zł,188702622191,2,2023-09-24
Takfönster,S,Świerk,true,15.00 zł,916573440509,929,2023-01-22
Lykta,M,Świerk,false,30.00 zł,426322685489,348,2023-03-03
Veke,S,Grejpfrut,false,30.00 zł,422288175140,649,2023-10-23
Gryning,L,Grejpfrut,true,30.00 zł,643374288087,568,2023-07-12
Veke,L,Mięta,true,50.00 zł,559977374110,898,2023-09-27
Stjärna,M,Lawenda,false,50.00 zł,005893947947,14,2022-07-26
Lägereld,S,Kokos,true,30.00 zł,749928051612,364,2023-07-26
Stjärna,S,Trawa cytrynowa,true,40.00 zł,925325115944,201,2022-12-06
Stjärna,M,Lawenda,false,50.00 zł,521208773886,901,2023-06-21
Ljus,M,Trawa cytrynowa,true,20.00 zł,024455231790,986,2023-11-17
Glans,M,Grejpfrut,false,35.00 zł,518662470782,135,2022-09-30
Stjärna,S,Jaśmin,true,40.00 zł,879725916363,557,2022-08-18
Ljus,M,Grejpfrut,false,20.00 zł,964034465565,510,2023-05-24
Glans,L,Grejpfrut,false,45.00 zł,135798943711,930,2023-07-24
Glans,L,Fiołek,true,45.00 zł,046427224900,465,2023-06-16
Ljus,L,Pomarańcza-goździki,false,30.00 zł,187156362014,239,2023-04-26
Glans,L,Grejpfrut,true,45.00 zł,983546572829,221,2023-09-17
Veke,M,Hiacynt,false,40.00 zł,337477832981,260,2023-08-28
Glans,M,Jabłko-cynamon,true,35.00 zł,247898067760,611,2023-09-22
Gryning,L,Lawenda,true,30.00 zł,892483339643,105,2023-03-30
Gryning,S,Jaśmin,false,10.00 zł,084252527673,927,2022-10-14
Stjärna,S,Sosna,false,40.00 zł,332599016159,666,2022-07-27
Veke,L,Sosna,false,50.00 zł,451832196696,745,2023-09-22
Veke,M,Jabłko-cynamon,false,40.00 zł,932671403816,991,2022-09-20
Veke,S,Jabłko-cynamon,false,30.00 zł,450659846829,824,2023-11-30
Lägereld,S,Jabłko-cynamon,false,30.00 zł,582620861473,821,2023-07-09
Stjärna,M,Sosna,true,50.00 zł,621570273473,842,2022-09-24
Veke,M,Sosna,true,40.00 zł,636093427080,15,2023-11-06
Glans,M,Lawenda,false,35.00 zł,817452942443,118,2023-10-30
Lägereld,S,Grejpfrut,false,30.00 zł,614332039447,631,2023-09-10
Gryning,M,Jaśmin,false,20.00 zł,528070332201,1,2022-12-14
Glans,M,Jabłko-cynamon,false,35.00 zł,977142485556,498,2023-03-14
Takfönster,M,Świerk,true,25.00 zł,090944262362,85,2022-09-22
Veke,M,Mięta,true,40.00 zł,143944554634,736,2022-10-25
Takfönster,L,Sosna,false,35.00 zł,809648309285,511,2023-07-08
Stjärna,M,Pomarańcza-goździki,true,50.00 zł,877096368068,926,2023-11-20
Lägereld,L,Mięta,false,50.00 zł,173304309672,219,2022-09-27
Takfönster,M,Fiołek,false,25.00 zł,074293472727,88,2023-03-07
Lägereld,M,Jaśmin,false,40.00 zł,479482112545,444,2023-07-06
Glans,S,Lawenda,false,25.00 zł,920260873759,135,2023-06-03
Stjärna,M,Mięta,false,50.00 zł,844416391082,387,2022-08-18
Takfönster,L,Świerk,false,35.00 zł,606339782986,377,2023-08-06
Lägereld,M,Jabłko-cynamon,false,40.00 zł,217490863548,94,2023-03-17
Lägereld,S,Fiołek,false,30.00 zł,537752681213,458,2023-11-07
Glans,L,Mięta,true,45.00 zł,273013762837,277,2023-01-28
Gryning,M,Kokos,true,20.00 zł,725198538849,991,2023-01-10
Takfönster,L,Sosna,false,35.00 zł,541935519575,447,2023-08-16
Stjärna,M,Pomarańcza-goździki,false,50.00 zł,551752697055,37,2022-09-03
Lykta,S,Trawa cytrynowa,false,20.00 zł,925500879669,358,2022-12-17
Takfönster,M,Kokos,true,25.00 zł,836315222652,512,2022-11-08
Veke,L,Lawenda,true,50.00 zł,445331705117,327,2023-02-18
Glans,M,Lawenda,false,35.00 zł,894579813035,397,2023-10-16
Stjärna,M,Grejpfrut,true,50.00 zł,849177417615,631,2023-06-05
Gryning,S,Trawa cytrynowa,true,10.00 zł,546722795536,407,2023-09-12
Takfönster,M,Świerk,false,25.00 zł,506922225782,204,2022-10-24
Glans,S,Grejpfrut,false,25.00 zł,410304737051,335,2023-01-25
Stjärna,M,Fiołek,false,50.00 zł,019387685232,7,2023-09-01
Stjärna,S,Mięta,false,40.00 zł,070983525112,883,2023-07-23
Gryning,M,Lawenda,false,20.00 zł,823682117762,82,2022-09-03
Takfönster,M,Jaśmin,true,25.00 zł,160655622496,489,2023-05-19
Gryning,M,Pomarańcza-goździki,true,20.00 zł,602465728628,126,2023-04-04
Glans,M,Kokos,true,35.00 zł,608340855552,477,2023-11-11
Lykta,S,Pomarańcza-goździki,true,20.00 zł,350229151626,753,2023-01-24
Lägereld,M,Lawenda,false,40.00 zł,959402433941,888,2023-05-16
Veke,L,Kokos,true,50.00 zł,402439576873,737,2023-04-26
Gryning,S,Grejpfrut,true,10.00 zł,890356657695,653,2023-07-21
Lykta,S,Wanilia,false,20.00 zł,614303275388,619,2023-07-04
Lykta,S,Mięta,false,20.00 zł,006377989696,161,2023-07-22
Stjärna,S,Pomarańcza-goździki,true,40.00 zł,906867672666,303,2022-08-07
Lykta,M,Hiacynt,true,30.00 zł,158424052756,986,2023-07-12
Ljus,S,Hiacynt,false,10.00 zł,775125777526,934,2022-10-07
Ljus,L,Mięta,false,30.00 zł,649091543832,709,2022-11-14
Ljus,M,Sosna,false,20.00 zł,207356313332,150,2023-11-09
Veke,L,Fiołek,true,50.00 zł,624412357208,82,2023-09-03
Takfönster,S,Kokos,false,15.00 zł,679262354060,500,2023-11-19
Stjärna,M,Mięta,true,50.00 zł,912077567745,228,2023-09-27
Stjärna,M,Trawa cytrynowa,true,50.00 zł,495626895378,215,2023-11-20
Stjärna,S,Fiołek,false,40.00 zł,440622321096,35,2023-02-03
Glans,M,Pomarańcza-goździki,false,35.00 zł,320677580042,298,2023-09-30
Lykta,L,Kokos,false,40.00 zł,760353556224,832,2022-11-10
Veke,S,Fiołek,false,30.00 zł,538303023661,349,2023-02-05
Lägereld,M,Trawa cytrynowa,true,40.00 zł,236153519749,115,2023-01-11
Lykta,M,Świerk,false,30.00 zł,304132467532,887,2023-10-23
Takfönster,L,Kokos,true,35.00 zł,346650984942,899,2023-07-21
Ljus,L,Mięta,false,30.00 zł,911071169525,571,2023-03-06
Gryning,S,Fiołek,true,10.00 zł,378142794396,524,2023-11-29
Lägereld,L,Pomarańcza-goździki,true,50.00 zł,957102284781,842,2023-09-20
Ljus,L,Trawa cytrynowa,false,30.00 zł,447229611832,766,2023-04-22
Lägereld,M,Świerk,true,40.00 zł,874693033572,280,2023-09-15
Gryning,S,Świerk,true,10.00 zł,841027893245,346,2022-10-03
Lägereld,M,Sosna,true,40.00 zł,665780919234,885,2022-10-20
Lykta,S,Świerk,true,20.00 zł,863727686942,739,2023-04-15
Veke,L,Sosna,true,50.00 zł,488743417331,757,2022-12-12
Stjärna,L,Lawenda,true,60.00 zł,431612546702,671,2023-02-06
Glans,M,Hiacynt,true,35.00 zł,729916424578,737,2022-08-28
Stjärna,M,Fiołek,true,50.00 zł,546906306253,860,2023-09-20
Takfönster,M,Trawa cytrynowa,false,25.00 zł,636039060931,783,2023-03-25
Ljus,S,Mięta,true,10.00 zł,703547958388,391,2023-03-26
Takfönster,L,Wanilia,false,35.00 zł,938951070635,908,2023-06-19
Stjärna,S,Grejpfrut,false,40.00 zł,603239684903,882,2023-04-03
Veke,S,Świerk,true,30.00 zł,395221688395,214,2023-02-20
Glans,M,Pomarańcza-goździki,true,35.00 zł,973260515904,97,2023-01-02
Gryning,S,Trawa cytrynowa,true,10.00 zł,439215209659,709,2022-09-24
Takfönster,S,Grejpfrut,true,15.00 zł,153302328213,330,2022-11-08
Takfönster,M,Jabłko-cynamon,false,25.00 zł,914662902303,427,2023-11-18
Gryning,L,Wanilia,true,30.00 zł,043848943436,108,2022-10-07
Veke,M,Hiacynt,false,40.00 zł,548508393234,653,2023-05-08
Takfönster,L,Jaśmin,false,35.00 zł,318554889762,275,2023-11-08
Veke,M,Sosna,true,40.00 zł,804386841793,672,2023-03-11
Lägereld,M,Wanilia,true,40.00 zł,362730353883,727,2023-05-20
Glans,M,Pomarańcza-goździki,false,35.00 zł,055094264904,510,2023-10-31
Stjärna,M,Lawenda,true,50.00 zł,524324294965,888,2023-11-01
Lägereld,L,Trawa cytrynowa,true,50.00 zł,403339136873,559,2022-11-17
Gryning,S,Hiacynt,true,10.00 zł,597704474186,155,2023-09-06
Takfönster,L,Świerk,true,35.00 zł,075064087890,287,2022-09-22
Veke,S,Mięta,true,30.00 zł,981413284054,613,2023-02-05
Takfönster,L,Jaśmin,true,35.00 zł,223980118811,214,2022-09-16
Gryning,M,Jabłko-cynamon,false,20.00 zł,438504084783,376,2023-07-02
Lägereld,M,Pomarańcza-goździki,true,40.00 zł,234219856887,907,2023-06-29
Glans,S,Pomarańcza-goździki,true,25.00 zł,502060850428,894,2022-07-23
Ljus,L,Lawenda,true,30.00 zł,982119509840,650,2022-10-02
Stjärna,L,Kokos,true,60.00 zł,572858670534,110,2022-12-19
Ljus,L,Grejpfrut,false,30.00 zł,840066071233,313,2023-11-08
Glans,L,Trawa cytrynowa,false,45.00 zł,306596592135,148,2023-02-14
Takfönster,M,Kokos,false,25.00 zł,686583818199,270,2023-10-12
Lykta,L,Świerk,false,40.00 zł,834386179853,559,2023-03-04
Glans,L,Kokos,true,45.00 zł,798790150993,225,2023-04-20
Ljus,S,Mięta,false,10.00 zł,700817083200,685,2023-01-22
Veke,S,Sosna,true,30.00 zł,181690287299,411,2023-04-02
Glans,M,Lawenda,true,35.00 zł,590150449695,408,2023-10-15
Lägereld,M,Grejpfrut,true,40.00 zł,096499957710,332,2023-09-29
Ljus,M,Jabłko-cynamon,true,20.00 zł,094698751085,271,2022-10-18
Veke,L,Jaśmin,true,50.00 zł,691870611204,1,2022-08-22
Veke,S,Kokos,true,30.00 zł,635560475465,433,2023-08-21
Gryning,S,Mięta,false,10.00 zł,048058363635,911,2023-07-17
Takfönster,M,Lawenda,true,25.00 zł,622707975518,384,2023-02-11
Takfönster,S,Wanilia,false,15.00 zł,966868846904,901,2022-11-29
Ljus,L,Grejpfrut,false,30.00 zł,007842010752,921,2023-09-07
Ljus,M,Kokos,true,20.00 zł,945849553095,796,2023-08-24
Gryning,L,Lawenda,false,30.00 zł,043743626179,988,2023-02-08
Ljus,L,Lawenda,true,30.00 zł,406798646819,22,2023-02-11
Lykta,S,Pomarańcza-goździki,false,20.00 zł,044579956479,956,2022-09-21
Veke,S,Trawa cytrynowa,true,30.00 zł,256346036474,342,2023-09-04
Lägereld,L,Hiacynt,true,50.00 zł,828629091798,538,2023-09-28
Takfönster,M,Lawenda,false,25.00 zł,852621629118,13,2023-04-03
Lykta,M,Lawenda,false,30.00 zł,806360626691,552,2022-12-09
Stjärna,M,Trawa cytrynowa,true,50.00 zł,739696741132,207,2023-11-06
Takfönster,M,Jabłko-cynamon,false,25.00 zł,100119092650,586,2022-10-23
Lykta,M,Jabłko-cynamon,true,30.00 zł,237410204773,498,2022-11-04
Ljus,L,Sosna,true,30.00 zł,459383172011,956,2023-04-11
Glans,L,Trawa cytrynowa,true,45.00 zł,381815148418,68,2023-07-02
Gryning,S,Pomarańcza-goździki,true,10.00 zł,213980006159,850,2022-08-11
Gryning,L,Sosna,false,30.00 zł,271005315724,638,2023-05-14
Lykta,M,Jaśmin,true,30.00 zł,522651221657,629,2023-04-03
Veke,S,Świerk,true,30.00 zł,521443599538,727,2022-09-27
Lykta,M,Grejpfrut,true,30.00 zł,482274880033,497,2023-06-22
Stjärna,M,Lawenda,true,50.00 zł,324901178481,449,2022-10-30
Ljus,S,Wanilia,false,10.00 zł,225740143798,12,2023-09-08
Glans,S,Pomarańcza-goździki,true,25.00 zł,460418857776,868,2022-12-04
Gryning,M,Grejpfrut,false,20.00 zł,719733177154,963,2022-08-05
Gryning,L,Świerk,false,30.00 zł,904975501223,593,2022-08-08
Gryning,M,Jaśmin,true,20.00 zł,823933926620,217,2023-09-01
Gryning,L,Jabłko-cynamon,true,30.00 zł,464336444236,75,2022-12-02
Lägereld,M,Jaśmin,true,40.00 zł,683773287836,860,2022-08-05
Gryning,S,Mięta,true,10.00 zł,981667264077,422,2023-06-26
Lykta,M,Kokos,false,30.00 zł,199170282190,651,2023-01-30
Lägereld,M,Jaśmin,false,40.00 zł,817354589293,247,2022-12-26
Lykta,L,Hiacynt,true,40.00 zł,287721312029,502,2023-09-13
Takfönster,L,Jaśmin,true,35.00 zł,223802271993,369,2023-11-28
Stjärna,L,Fiołek,false,60.00 zł,766420274869,758,2022-09-26
Lykta,M,Jabłko-cynamon,true,30.00 zł,008218422172,103,2023-05-04
Lägereld,M,Sosna,true,40.00 zł,816227086949,932,2023-05-03
Glans,M,Mięta,false,35.00 zł,805502072794,93,2023-02-13
Glans,M,Mięta,false,35.00 zł,736577476631,798,2023-03-14
Veke,S,Jaśmin,true,30.00 zł,755490220008,761,2023-02-17
Lägereld,M,Wanilia,true,40.00 zł,747615409802,943,2022-08-22
Veke,M,Grejpfrut,true,40.00 zł,867984771635,849,2022-12-10
Glans,L,Hiacynt,false,45.00 zł,626886473090,566,2022-11-14
Glans,L,Mięta,true,45.00 zł,918493728989,354,2023-05-03
Veke,M,Mięta,true,40.00 zł,891124603097,448,2022-12-07
Veke,M,Świerk,true,40.00 zł,748293818334,598,2023-11-24
Veke,M,Kokos,false,40.00 zł,713631525596,783,2023-03-06
Takfönster,L,Kokos,false,35.00 zł,883404430153,598,2023-01-22
Glans,M,Grejpfrut,true,35.00 zł,557957103621,162,2023-10-24
Gryning,M,Sosna,true,20.00 zł,900127161493,971,2022-12-29
Takfönster,L,Wanilia,false,35.00 zł,146232394531,540,2023-08-12
Lägereld,M,Trawa cytrynowa,true,40.00 zł,769443778678,778,2023-08-14
Stjärna,S,Świerk,false,40.00 zł,493569778708,706,2022-12-31
Lägereld,M,Wanilia,true,40.00 zł,870866246962,564,2023-04-25
Veke,M,Fiołek,false,40.00 zł,480250610950,695,2023-02-14
Stjärna,S,Wanilia,true,40.00 zł,680878955363,284,2023-01-13
Stjärna,L,Fiołek,false,60.00 zł,529454370046,417,2022-08-20
Glans,S,Jabłko-cynamon,true,25.00 zł,418998311726,318,2023-06-22
Veke,M,Hiacynt,true,40.00 zł,735212705787,373,2023-10-02
Lägereld,S,Świerk,true,30.00 zł,981131106206,719,2023-06-02
Glans,M,Grejpfrut,true,35.00 zł,819719910839,677,2023-07-10
Gryning,L,Grejpfrut,true,30.00 zł,549464775910,554,2023-06-23
Ljus,M,Trawa cytrynowa,true,20.00 zł,320659342826,327,2023-10-27
Takfönster,L,Mięta,false,35.00 zł,052430734192,675,2022-12-06
Lägereld,L,Fiołek,false,50.00 zł,231011043976,216,2023-08-10
Lägereld,S,Fiołek,false,30.00 zł,971075515730,128,2023-03-13
Gryning,S,Świerk,true,10.00 zł,304606051444,247,2023-02-15
Lägereld,S,Fiołek,true,30.00 zł,825512327344,89,2023-09-10
Veke,M,Grejpfrut,false,40.00 zł,769269176674,650,2023-01-09
Lykta,S,Grejpfrut,true,20.00 zł,439449605892,808,2023-09-17
Gryning,S,Kokos,false,10.00 zł,685886073273,816,2023-09-23
Gryning,S,Lawenda,false,10.00 zł,006207890331,160,2023-05-17
Ljus,M,Jaśmin,true,20.00 zł,334498281600,515,2023-01-23
Gryning,S,Kokos,false,10.00 zł,538090575021,555,2023-03-26
Lykta,S,Jabłko-cynamon,false,20.00 zł,690949921997,223,2023-10-02
Veke,M,Mięta,true,40.00 zł,914072950728,732,2023-05-01
Takfönster,M,Fiołek,false,25.00 zł,095912851514,203,2023-03-16
Glans,S,Lawenda,false,25.00 zł,802668960992,401,2023-10-03
Veke,L,Kokos,true,50.00 zł,557447564560,611,2022-10-16
Takfönster,L,Trawa cytrynowa,true,35.00 zł,896710564535,12,2023-06-27
Veke,S,Trawa cytrynowa,false,30.00 zł,793175311547,562,2023-10-31
Takfönster,L,Fiołek,true,35.00 zł,855137067882,233,2022-11-04
Veke,L,Hiacynt,true,50.00 zł,584570540870,213,2023-09-23
Takfönster,M,Mięta,true,25.00 zł,315907014237,462,2023-07-18
Lykta,S,Kokos,false,20.00 zł,913855390565,389,2023-03-09
Veke,M,Mięta,false,40.00 zł,727775854045,448,2023-01-08
Lykta,S,Kokos,false,20.00 zł,900652092481,542,2023-10-09
Gryning,S,Wanilia,true,10.00 zł,220616485884,22,2022-09-30
Gryning,S,Jaśmin,true,10.00 zł,544564220240,653,2023-05-22
Lägereld,M,Mięta,true,40.00 zł,910830824179,411,2022-11-05
Ljus,M,Grejpfrut,true,20.00 zł,480111309633,191,2022-09-16
Glans,M,Świerk,false,35.00 zł,743349904985,650,2023-06-17
Ljus,S,Mięta,false,10.00 zł,564507908158,135,2023-03-11
Ljus,M,Fiołek,true,20.00 zł,959523499196,432,2023-05-30
Gryning,S,Jaśmin,true,10.00 zł,759014635487,569,2023-01-22
Lykta,L,Świerk,true,40.00 zł,447490067622,468,2023-02-20
Lägereld,M,Hiacynt,false,40.00 zł,134478993418,850,2022-11-22
Takfönster,M,Wanilia,false,25.00 zł,887756446426,483,2023-04-16
Glans,M,Jabłko-cynamon,true,35.00 zł,198178385388,475,2022-07-27
Takfönster,L,Jabłko-cynamon,false,35.00 zł,340205939345,550,2023-05-27
Lägereld,L,Kokos,false,50.00 zł,255625178011,14,2022-08-24
Lägereld,S,Pomarańcza-goździki,true,30.00 zł,230749804407,908,2022-07-19
Takfönster,L,Grejpfrut,true,35.00 zł,420440935926,216,2023-11-11
Lägereld,M,Jabłko-cynamon,true,40.00 zł,706935835264,894,2022-08-16
Stjärna,S,Pomarańcza-goździki,true,40.00 zł,714071492435,345,2023-03-26
Glans,M,Kokos,true,35.00 zł,265500266021,316,2022-09-26
Veke,S,Lawenda,true,30.00 zł,188878837912,958,2023-06-10
Gryning,M,Trawa cytrynowa,true,20.00 zł,831658833727,218,2022-12-20
Lykta,M,Świerk,false,30.00 zł,999693001533,745,2023-06-15
Glans,S,Jaśmin,false,25.00 zł,260275114105,628,2023-06-13
Gryning,S,Hiacynt,false,10.00 zł,616464759180,262,2023-01-12
Gryning,M,Kokos,true,20.00 zł,874786415476,892,2022-08-21
Lykta,L,Mięta,true,40.00 zł,277686340766,342,2023-01-24
Lykta,M,Mięta,true,30.00 zł,243780790695,668,2023-03-28
Takfönster,M,Fiołek,true,25.00 zł,749875319289,777,2023-08-06
Stjärna,M,Grejpfrut,true,50.00 zł,223420046251,40,2023-11-12
Ljus,L,Grejpfrut,true,30.00 zł,490279901944,109,2022-10-28
Glans,M,Jabłko-cynamon,true,35.00 zł,856551640498,471,2023-01-23
Glans,M,Lawenda,true,35.00 zł,673116233493,907,2022-12-13
Ljus,L,Sosna,false,30.00 zł,853904295242,857,2022-07-30
Gryning,L,Kokos,false,30.00 zł,583006313482,96,2023-06-13
Gryning,L,Lawenda,true,30.00 zł,537534733646,389,2023-02-13
Glans,L,Mięta,false,45.00 zł,774142521642,624,2023-08-16
Veke,L,Jabłko-cynamon,false,50.00 zł,996986939864,919,2023-01-08
Lägereld,M,Pomarańcza-goździki,false,40.00 zł,445874749168,251,2023-08-30
Takfönster,L,Mięta,false,35.00 zł,955200292339,35,2023-10-26
Veke,L,Wanilia,true,50.00 zł,717864648396,866,2023-04-28
Veke,M,Mięta,false,40.00 zł,821452431644,756,2023-09-24
Lykta,M,Mięta,false,30.00 zł,575448391264,475,2022-08-24
Ljus,L,Mięta,false,30.00 zł,983838099154,224,2023-10-26
Gryning,M,Wanilia,true,20.00 zł,063549361090,448,2023-10-17
Ljus,M,Sosna,false,20.00 zł,533263651478,682,2022-10-30
Ljus,M,Trawa cytrynowa,true,20.00 zł,337773018753,648,2023-02-06
Gryning,M,Jabłko-cynamon,true,20.00 zł,556275326858,533,2023-01-11
Takfönster,L,Jabłko-cynamon,false,35.00 zł,545755253045,213,2022-10-24
Ljus,S,Jaśmin,false,10.00 zł,978806425269,526,2023-08-02
Gryning,M,Pomarańcza-goździki,true,20.00 zł,748801147418,32,2022-11-25
Stjärna,L,Fiołek,true,60.00 zł,318844444097,384,2023-02-23
Stjärna,S,Grejpfrut,true,40.00 zł,392410041712,375,2022-12-25
Stjärna,S,Jaśmin,false,40.00 zł,504965372429,573,2022-09-19
Lägereld,L,Hiacynt,false,50.00 zł,579408305326,165,2023-01-19
Stjärna,M,Trawa cytrynowa,false,50.00 zł,932373707928,380,2022-09-06
Lägereld,M,Świerk,false,40.00 zł,378906803719,347,2023-10-26
Gryning,M,Mięta,false,20.00 zł,130496165033,827,2023-05-25
Lykta,S,Jabłko-cynamon,false,20.00 zł,901767413503,219,2023-11-11
Glans,M,Jaśmin,false,35.00 zł,656883944208,949,2023-08-19
Gryning,M,Hiacynt,false,20.00 zł,732389113270,192,2023-05-24
Glans,M,Hiacynt,true,35.00 zł,457578152273,375,2023-07-19
Gryning,M,Jabłko-cynamon,false,20.00 zł,363680522848,897,2023-01-21
Stjärna,S,Trawa cytrynowa,false,40.00 zł,684735368331,839,2023-07-01
Ljus,L,Fiołek,true,30.00 zł,329398895521,65,2023-09-18
Veke,S,Kokos,false,30.00 zł,223009630917,750,2023-03-23
Glans,L,Lawenda,false,45.00 zł,263136285797,394,2023-01-06
Stjärna,S,Świerk,false,40.00 zł,831101315415,657,2023-01-08
Glans,S,Świerk,false,25.00 zł,495076283021,45,2023-03-16
Veke,M,Lawenda,true,40.00 zł,925075875747,773,2023-08-19
Takfönster,M,Wanilia,false,25.00 zł,863788812405,618,2023-09-25
Lykta,M,Mięta,false,30.00 zł,756760553604,453,2023-06-11
Stjärna,L,Sosna,false,60.00 zł,587694911625,872,2022-08-18
Glans,M,Jaśmin,false,35.00 zł,474762964099,195,2023-03-20
Veke,M,Jaśmin,false,40.00 zł,211255845427,79,2022-09-26
Lykta,L,Jaśmin,false,40.00 zł,835548025582,220,2022-09-18
Lägereld,L,Kokos,true,50.00 zł,177363901923,839,2022-11-18
Lykta,S,Trawa cytrynowa,false,20.00 zł,279009178722,950,2023-07-23
Lykta,S,Mięta,true,20.00 zł,077518041588,663,2023-08-06
Glans,M,Fiołek,true,35.00 zł,503697344110,578,2022-08-19
Lägereld,L,Sosna,true,50.00 zł,447370474584,178,2023-03-15
Ljus,S,Lawenda,true,10.00 zł,582913258131,921,2023-01-28
Stjärna,L,Trawa cytrynowa,false,60.00 zł,437440269392,614,2023-06-14
Takfönster,L,Lawenda,true,35.00 zł,804399934675,949,2023-05-14
Glans,M,Mięta,false,35.00 zł,241930994140,710,2022-07-22
Takfönster,M,Świerk,false,25.00 zł,396336330071,907,2022-12-29
Lägereld,S,Kokos,true,30.00 zł,438229195463,239,2023-01-26
Stjärna,M,Sosna,false,50.00 zł,242071127734,470,2023-11-26
Glans,M,Lawenda,true,35.00 zł,718081954710,271,2023-05-20
Lykta,S,Kokos,false,20.00 zł,070713562029,900,2023-01-11
Stjärna,L,Kokos,false,60.00 zł,973117507412,122,2023-10-16
Glans,M,Świerk,false,35.00 zł,918636946496,34,2023-03-23
Lykta,L,Jaśmin,false,40.00 zł,004675990212,479,2022-11-05
Glans,M,Grejpfrut,true,35.00 zł,869017802459,557,2022-12-04
Takfönster,L,Trawa cytrynowa,false,35.00 zł,064023675093,257,2023-01-07
Stjärna,S,Mięta,false,40.00 zł,674034126090,564,2023-01-29
Ljus,S,Świerk,true,10.00 zł,053671124623,639,2022-07-31
Ljus,L,Pomarańcza-goździki,false,30.00 zł,760233805833,879,2022-09-15
Gryning,L,Wanilia,true,30.00 zł,842763985419,239,2022-07-26
Takfönster,L,Fiołek,true,35.00 zł,791110612371,643,2023-02-26
Gryning,S,Hiacynt,false,10.00 zł,537486899074,425,2023-08-12
Stjärna,M,Pomarańcza-goździki,true,50.00 zł,571006277977,637,2023-07-24
Ljus,S,Mięta,true,10.00 zł,523808512767,37,2023-11-25
Ljus,S,Sosna,false,10.00 zł,133350315293,562,2023-06-11
Gryning,L,Sosna,true,30.00 zł,191751041479,706,2023-06-11
Lykta,M,Kokos,false,30.00 zł,717003578498,623,2023-04-05
Lägereld,M,Grejpfrut,false,40.00 zł,343980050901,550,2022-10-15
Takfönster,S,Trawa cytrynowa,true,15.00 zł,916008998336,86,2022-08-04
Veke,S,Trawa cytrynowa,false,30.00 zł,023404653050,362,2022-09-13
Stjärna,S,Jabłko-cynamon,true,40.00 zł,243892773710,740,2023-05-24
Ljus,L,Wanilia,false,30.00 zł,240864596971,1000,2023-05-01
Takfönster,M,Mięta,true,25.00 zł,003109124060,924,2023-05-27
Lykta,S,Lawenda,true,20.00 zł,557135780157,887,2022-08-10
Gryning,L,Wanilia,false,30.00 zł,257426798356,828,2023-07-01
Lägereld,L,Hiacynt,true,50.00 zł,713723332344,179,2023-10-23
Stjärna,M,Grejpfrut,true,50.00 zł,276724220486,952,2023-04-25
Takfönster,S,Świerk,false,15.00 zł,821572331834,868,2023-05-02
Gryning,M,Jaśmin,false,20.00 zł,214868080280,253,2023-01-08
Lägereld,M,Kokos,true,40.00 zł,998512302299,48,2023-05-10
Veke,L,Fiołek,false,50.00 zł,239983810734,603,2023-05-06
Lykta,S,Fiołek,false,20.00 zł,125983752217,845,2023-03-24
Gryning,M,Trawa cytrynowa,true,20.00 zł,630001036774,641,2023-01-14
Lägereld,L,Sosna,true,50.00 zł,003213519048,382,2023-10-12
Glans,S,Trawa cytrynowa,true,25.00 zł,846306587051,87,2023-09-11
Takfönster,L,Sosna,false,35.00 zł,306194792652,519,2023-03-02
Takfönster,M,Wanilia,false,25.00 zł,952724159603,787,2023-06-18
Glans,M,Mięta,false,35.00 zł,631248647415,37,2023-11-30
Glans,M,Hiacynt,false,35.00 zł,030246719142,559,2022-10-28
Ljus,M,Mięta,false,20.00 zł,268073090170,658,2023-10-31
Lykta,L,Fiołek,true,40.00 zł,966990439919,327,2022-10-07
Takfönster,L,Pomarańcza-goździki,true,35.00 zł,142932893672,314,2022-11-10
Veke,M,Trawa cytrynowa,true,40.00 zł,786597816046,334,2022-10-26
Stjärna,M,Jabłko-cynamon,false,50.00 zł,051833603885,559,2023-02-06
Gryning,L,Pomarańcza-goździki,false,30.00 zł,185873338198,258,2023-10-25
Glans,M,Fiołek,true,35.00 zł,362367829803,919,2023-08-21
Gryning,M,Grejpfrut,true,20.00 zł,870429420985,895,2023-03-23
Lykta,M,Mięta,true,30.00 zł,011630400416,563,2023-09-12
Lykta,M,Kokos,false,30.00 zł,793383740042,764,2023-06-08
Lykta,L,Kokos,true,40.00 zł,024712195833,491,2023-06-11
Gryning,L,Wanilia,true,30.00 zł,017403107520,408,2023-01-08
Lykta,M,Wanilia,false,30.00 zł,445697818508,552,2022-10-30
Gryning,S,Fiołek,false,10.00 zł,640811663735,246,2022-08-08
Lykta,L,Jaśmin,false,40.00 zł,487323454866,983,2023-04-02
Veke,M,Kokos,false,40.00 zł,054286116322,250,2023-05-10
Stjärna,M,Fiołek,false,50.00 zł,341026142551,996,2023-03-17
Stjärna,M,Grejpfrut,true,50.00 zł,364444647573,172,2023-09-27
Veke,S,Jaśmin,false,30.00 zł,337861805515,29,2023-03-28
Glans,S,Grejpfrut,true,25.00 zł,023209456730,112,2023-04-10
Veke,M,Sosna,true,40.00 zł,885538658656,781,2023-08-16
Takfönster,L,Pomarańcza-goździki,true,35.00 zł,114159346956,122,2022-08-25
Veke,M,Świerk,true,40.00 zł,025074233138,623,2023-02-03
Gryning,L,Sosna,true,30.00 zł,073991989671,333,2022-11-13
Gryning,S,Trawa cytrynowa,false,10.00 zł,735968116765,41,2023-03-17
Veke,S,Jaśmin,false,30.00 zł,329275746360,683,2023-08-24
Ljus,M,Pomarańcza-goździki,false,20.00 zł,704824226312,570,2022-09-06
Gryning,M,Jaśmin,true,20.00 zł,970611867157,22,2022-11-08
Ljus,S,Świerk,false,10.00 zł,956555919881,353,2022-12-27
Lägereld,L,Sosna,true,50.00 zł,317070268247,781,2022-08-11
Glans,M,Mięta,true,35.00 zł,987846107328,156,2023-08-24
Veke,M,Kokos,true,40.00 zł,615977342183,201,2023-07-14
Veke,M,Pomarańcza-goździki,false,40.00 zł,947148867482,143,2023-06-12
Lykta,M,Trawa cytrynowa,true,30.00 zł,684365734784,33,2022-10-29
Lykta,S,Sosna,true,20.00 zł,307363352699,411,2022-10-31
Ljus,L,Świerk,true,30.00 zł,310616571341,977,2023-08-07
Gryning,L,Lawenda,true,30.00 zł,857570755958,442,2023-05-19
Veke,S,Lawenda,true,30.00 zł,543332179686,71,2023-05-13
Glans,M,Jabłko-cynamon,true,35.00 zł,468146569451,122,2023-05-11
Lykta,S,Hiacynt,false,20.00 zł,218699645761,482,2022-09-30
Takfönster,S,Lawenda,true,15.00 zł,578733562324,381,2023-11-11
Lykta,M,Sosna,true,30.00 zł,920869513596,454,2023-05-13
Gryning,M,Świerk,true,20.00 zł,570451179049,369,2023-07-29
Veke,M,Grejpfrut,false,40.00 zł,027191459170,475,2023-07-03
Gryning,L,Trawa cytrynowa,true,30.00 zł,831081233140,425,2023-10-07
Ljus,M,Fiołek,false,20.00 zł,333213360178,569,2023-07-16
Glans,M,Jabłko-cynamon,true,35.00 zł,945189497621,988,2023-09-22
Lykta,L,Świerk,false,40.00 zł,535656414904,491,2023-05-03
Veke,M,Fiołek,true,40.00 zł,138437128111,367,2022-08-24
Veke,S,Świerk,true,30.00 zł,188686986738,430,2023-05-01
